date,Hauptzahlen,Superzahl
1957-01-20,03 06 07 12 33 47,2
1957-03-03,04 09 11 34 36 45,8
1957-04-14,06 15 18 28 39 44,5
1957-05-12,15 17 21 24 31 40,8
1957-05-19,16 20 28 29 30 44,4
1957-06-02,03 04 14 29 32 37,5
1957-06-10,01 07 08 32 35 47,3
1957-09-08,12 20 21 27 38 40,4
1957-10-06,06 09 11 25 26 31,7
1957-11-10,16 20 24 30 45 46,4
1957-12-22,04 07 22 23 28 33,9
1957-12-29,14 34 36 45 46 47,2
1958-01-05,06 10 15 21 36 44,8
1958-01-19,03 12 14 30 32 34,5
1958-04-20,03 05 22 25 27 49,7
1958-04-27,01 09 21 25 30 38,6
1958-05-18,18 21 26 34 41 49,8
1958-06-01,24 25 30 31 33 43,6
1958-08-03,10 14 18 24 46 48,3
1958-09-14,01 05 09 33 35 40,7
1958-10-12,06 16 19 20 25 33,2
1958-12-14,09 11 13 26 31 48,1
1959-03-08,01 10 11 16 36 39,3
1959-03-29,07 10 16 23 35 49,8
1959-04-12,02 28 33 39 42 48,1
1959-06-28,03 04 21 34 42 43,1
1959-08-23,02 13 19 31 41 42,4
1959-10-04,15 16 17 19 21 29,1
1959-10-11,05 06 17 31 34 39,2
1959-12-06,01 02 20 21 29 37,4
1960-01-03,09 39 40 42 43 48,6
1960-01-24,22 37 42 43 45 48,1
1960-02-14,10 12 22 26 28 45,2
1960-03-13,19 28 32 41 43 46,7
1960-04-10,03 07 15 39 43 47,8
1960-05-29,02 26 28 29 32 39,9
1960-07-24,04 13 22 23 29 44,5
1960-08-28,12 24 28 31 37 39,4
1960-09-18,03 19 22 25 29 45,6
1960-12-11,12 23 24 26 32 34,3
1961-01-08,10 13 20 30 38 39,2
1961-01-22,04 06 15 38 47 49,2
1961-01-29,06 10 18 37 45 47,5
1961-02-12,05 16 32 38 41 42,9
1961-02-19,05 13 15 36 44 49,8
1961-03-12,08 13 21 24 26 28,2
1961-04-16,04 23 27 28 29 38,5
1961-06-04,01 02 11 15 36 41,3
1961-06-18,05 09 21 22 34 47,6
1961-07-09,01 11 18 25 26 33,5
1961-11-05,05 06 09 33 41 44,7
1961-11-12,11 12 18 27 33 49,2
1962-02-25,09 11 29 32 36 38,7
1962-05-13,03 04 10 34 40 47,7
1962-05-20,01 19 26 27 32 48,4
1962-06-17,02 13 23 25 27 34,7
1962-09-23,14 22 34 38 40 48,3
1962-12-02,15 16 17 29 32 42,5
1963-02-10,10 11 13 25 26 30,6
1963-02-24,11 13 15 17 41 45,2
1963-03-10,08 19 26 27 41 47,9
1963-06-09,11 15 27 30 31 39,3
1963-08-04,17 23 30 31 38 48,1
1963-10-20,03 04 12 26 30 32,1
1964-02-02,02 03 11 21 26 46,8
1964-04-05,01 23 24 28 30 42,5
1964-05-03,04 05 09 43 47 49,8
1964-05-10,11 12 19 32 34 48,2
1964-07-19,03 12 24 37 38 46,9
1964-07-26,31 34 37 41 44 48,1
1964-08-23,12 16 20 32 37 45,7
1964-09-06,34 36 38 41 43 45,4
1964-11-08,02 18 21 26 32 41,6
1964-12-13,10 17 28 30 36 49,7
1964-12-27,15 16 21 35 37 47,7
1965-01-24,13 18 24 31 38 46,4
1965-03-07,14 18 27 33 38 42,2
1965-03-21,09 29 33 39 43 45,8
1965-04-25,01 14 22 27 30 42,9
1965-08-08,19 22 31 32 44 48,4
1965-09-04,13 21 35 36 45 46,1
1965-09-11,13 19 21 25 31 37,8
1965-09-25,04 08 15 17 44 48,1
1965-12-25,05 21 25 35 36 48,7
1966-01-01,06 20 24 30 39 47,2
1966-01-29,05 08 29 32 39 47,7
1966-02-05,01 02 08 19 26 39,9
1966-02-19,03 07 18 39 44 47,4
1966-03-05,07 10 16 24 29 44,3
1966-03-12,28 29 30 34 44 46,9
1966-05-28,09 31 36 37 40 45,1
1966-06-25,17 18 21 24 33 34,5
1966-07-16,11 22 39 41 43 49,3
1966-09-03,06 12 21 33 42 43,4
1966-10-29,29 35 37 39 42 44,6
1967-01-07,04 12 18 21 31 32,8
1967-02-25,03 16 22 27 32 42,7
1967-05-27,02 32 35 39 46 49,8
1967-06-03,02 03 18 20 37 42,8
1967-06-10,17 21 30 44 45 49,9
1967-06-17,07 23 37 40 43 48,2
1967-07-01,01 13 20 30 34 45,3
1967-09-02,12 22 25 38 43 44,9
1967-09-09,07 15 16 32 35 36,1
1967-11-04,06 09 11 21 39 40,4
1967-12-30,11 14 26 30 41 44,2
1968-01-13,14 18 29 30 39 43,3
1968-02-10,06 11 23 34 44 48,3
1968-05-04,07 09 10 15 32 33,2
1968-08-03,06 16 22 26 28 47,9
1968-08-10,03 14 28 32 40 49,8
1968-10-12,27 28 30 39 44 47,3
1968-10-19,10 12 17 29 39 40,2
1968-10-26,08 10 21 30 40 43,9
1968-11-30,28 31 36 39 44 48,2
1968-12-14,04 05 30 39 40 48,2
1969-02-15,14 15 19 21 33 38,7
1969-03-01,06 21 29 33 43 45,8
1969-03-22,09 11 32 41 45 49,5
1969-03-29,15 17 27 29 30 41,6
1969-05-31,17 26 29 40 43 47,7
1969-07-19,11 14 32 34 44 46,6
1969-10-04,03 11 15 21 29 37,2
1969-10-11,02 04 06 07 20 39,3
1969-10-18,08 14 17 27 36 45,1
1969-10-25,04 07 12 14 19 36,3
1970-03-21,05 21 22 28 38 44,6
1970-08-22,01 17 32 43 44 49,7
1970-09-26,04 15 17 20 46 47,3
1970-10-31,02 11 18 19 21 38,7
1971-01-02,06 19 40 42 44 48,8
1971-01-09,08 16 26 41 45 48,5
1971-02-06,02 08 30 37 40 49,3
1971-02-13,21 32 34 42 45 49,1
1971-03-27,03 13 20 27 36 41,4
1971-05-01,02 12 18 25 28 39,6
1971-08-07,02 14 16 17 36 39,3
1971-08-28,10 13 26 36 44 47,4
1971-09-04,01 10 19 25 31 34,6
1971-09-25,10 11 22 25 34 37,9
1971-10-16,10 13 21 30 31 41,8
1971-10-23,05 08 11 32 45 46,2
1972-02-19,04 11 19 38 41 48,5
1972-04-08,04 08 14 24 37 39,7
1972-04-22,06 26 27 32 41 49,2
1972-05-20,17 23 31 32 33 40,3
1972-07-08,01 03 06 07 18 28,8
1972-07-22,12 21 28 33 41 42,7
1972-08-05,15 26 29 39 47 49,9
1972-08-19,07 10 16 23 25 29,3
1972-09-02,08 27 30 40 46 49,5
1972-09-09,20 23 37 38 45 46,3
1972-09-23,01 04 05 11 24 40,2
1972-10-28,16 18 23 29 38 47,1
1972-12-02,02 11 12 14 25 40,8
1972-12-23,10 23 25 26 29 49,1
1972-12-30,08 12 19 26 30 49,6
1973-01-06,07 13 15 17 44 46,9
1973-06-30,06 12 26 27 37 38,5
1973-07-21,20 21 24 30 31 46,2
1973-07-28,11 16 22 28 41 49,5
1973-08-04,03 18 20 31 43 49,5
1973-08-11,10 16 17 30 39 42,3
1973-08-18,12 35 36 38 39 44,9
1973-09-22,02 09 18 20 24 40,1
1973-12-08,03 16 21 32 34 39,5
1974-04-20,23 30 41 42 45 47,1
1974-06-29,13 28 30 37 43 49,1
1974-08-31,11 14 17 30 31 44,4
1974-09-21,12 17 31 36 37 39,3
1974-10-26,12 20 31 42 46 48,1
1974-11-30,08 19 22 29 32 40,4
1974-12-21,09 10 17 20 22 47,6
1975-01-04,03 24 28 40 41 45,7
1975-01-18,01 04 14 27 30 33,7
1975-01-25,01 06 23 32 42 48,3
1975-03-29,04 07 09 16 26 29,2
1975-04-26,07 18 27 33 35 37,9
1975-07-26,03 28 36 39 40 48,6
1975-08-09,09 15 25 33 38 49,3
1975-08-16,02 03 17 32 45 46,5
1975-09-20,04 12 14 30 32 44,1
1975-10-04,07 15 18 35 41 44,6
1975-11-15,07 13 16 26 44 46,8
1975-11-22,04 05 16 18 24 44,7
1976-05-01,20 26 29 42 45 48,6
1976-05-15,02 05 22 43 44 45,4
1976-05-29,12 15 17 25 32 41,8
1976-06-26,07 19 20 24 25 35,5
1976-08-07,05 16 21 33 35 40,4
1976-08-14,02 06 16 26 30 39,7
1976-09-11,09 11 12 20 37 49,2
1976-09-25,09 23 28 32 44 46,1
1976-10-23,08 15 22 30 38 40,5
1976-12-11,01 02 15 28 32 44,7
1977-01-08,02 07 13 30 31 33,1
1977-02-12,19 23 24 25 37 43,7
1977-03-05,09 10 34 39 40 49,6
1977-06-04,11 29 30 32 36 48,2
1977-07-23,06 13 22 24 37 42,7
1977-07-30,11 15 24 36 40 42,4
1977-08-13,09 10 20 21 30 34,7
1977-09-17,01 22 32 33 37 40,8
1977-10-01,02 18 27 42 45 47,9
1977-10-29,08 28 31 34 35 49,5
1977-11-05,10 17 19 26 42 43,2
1977-12-31,04 14 15 18 29 44,8
1978-01-14,10 18 25 26 34 36,2
1978-02-04,02 17 25 26 37 43,3
1978-05-13,15 17 30 31 44 45,8
1978-05-27,03 05 24 26 32 48,6
1978-07-22,17 39 44 47 48 49,8
1978-08-12,02 15 16 20 33 34,3
1978-11-04,13 18 31 45 46 49,8
1978-12-30,06 11 27 35 38 46,7
1979-02-17,05 17 19 21 32 47,3
1979-02-24,09 14 23 24 41 42,6
1979-03-17,16 21 27 38 45 49,7
1979-05-19,15 18 32 39 48 49,5
1979-06-02,14 20 30 43 47 48,5
1979-06-30,09 33 37 40 46 47,1
1979-07-07,08 16 18 35 37 43,9
1979-08-04,02 20 24 31 42 48,3
1979-09-01,05 19 24 27 28 38,8
1979-09-22,07 10 21 36 39 42,4
1979-10-06,04 16 17 18 19 42,2
1979-10-13,11 18 22 26 43 45,4
1979-12-01,08 15 28 32 34 40,6
1980-01-12,19 23 28 30 31 49,3
1980-04-12,03 13 15 19 20 21,2
1980-07-19,15 21 28 32 40 43,7
1980-08-02,03 08 34 39 41 47,1
1980-10-11,18 22 28 31 35 49,1
1980-12-06,12 14 36 38 42 49,6
1981-03-21,02 03 09 21 27 31,4
1981-04-18,06 28 37 42 46 49,3
1981-05-02,07 21 23 40 44 49,1
1981-06-20,07 10 23 34 36 43,2
1981-08-29,02 12 14 34 36 48,4
1982-01-23,08 12 26 27 39 45,7
1982-01-30,14 19 23 24 25 31,5
1982-03-20,07 10 14 36 40 48,8
1982-05-08,05 12 18 24 33 39,4
1982-07-24,05 13 26 31 33 38,1
1982-09-18,06 07 21 25 33 48,2
1982-10-02,03 05 20 33 37 47,4
1982-12-04,03 27 30 38 44 46,8
1983-03-05,18 20 26 27 37 39,7
1983-03-12,01 15 29 31 32 44,7
1983-04-16,06 10 12 15 32 44,4
1983-07-23,03 16 27 44 46 48,9
1983-09-17,02 08 25 34 41 49,6
1983-10-22,01 06 13 21 30 37,5
1983-11-05,13 15 24 30 43 47,7
1983-11-19,02 03 11 16 38 40,4
1984-02-11,02 14 15 33 38 49,8
1984-03-03,21 25 28 32 44 45,1
1984-03-17,06 22 24 32 45 47,4
1984-04-14,01 16 20 21 32 47,3
1984-04-28,05 12 18 33 37 47,8
1984-06-23,02 06 22 25 35 36,7
1984-09-01,05 11 22 40 47 48,4
1984-09-08,02 04 28 38 40 43,5
1984-09-15,05 07 21 31 42 48,8
1984-09-22,05 12 14 38 44 48,7
1984-10-06,12 15 29 34 36 47,5
1985-02-02,10 16 17 31 42 43,7
1985-02-16,02 08 11 17 19 39,7
1985-05-18,01 27 29 38 44 45,8
1985-06-22,07 09 29 42 46 49,5
1985-07-20,02 15 16 22 30 35,7
1985-08-10,13 20 22 29 39 46,4
1985-08-31,01 03 13 21 24 49,4
1985-09-07,03 07 18 26 38 43,8
1985-09-21,09 12 19 24 37 38,2
1985-10-05,30 31 37 38 45 48,9
1985-10-12,10 12 15 34 35 49,7
1985-10-26,15 28 38 39 44 46,4
1985-11-30,03 15 22 30 36 48,7
1985-12-14,08 17 19 20 23 29,3
1986-04-12,11 19 24 42 46 47,6
1986-05-31,06 12 15 30 31 49,9
1986-07-19,04 06 18 28 29 45,5
1986-08-23,18 23 26 32 34 45,7
1986-09-20,03 08 13 23 35 38,7
1986-11-22,06 11 12 16 17 27,2
1986-12-20,15 25 27 30 42 48,2
1986-12-27,07 15 21 25 28 34,2
1987-01-10,06 10 24 31 47 49,1
1987-04-04,13 16 18 27 47 49,9
1987-04-18,04 12 27 30 37 44,2
1987-05-16,15 16 19 39 42 47,2
1987-05-30,05 07 12 27 41 44,4
1987-06-13,13 15 16 19 20 27,3
1987-07-04,01 06 17 27 29 42,2
1987-08-01,01 33 43 46 48 49,4
1987-10-31,09 20 37 39 46 48,2
1987-11-07,14 21 22 23 25 42,6
1988-01-02,12 19 22 25 32 45,6
1988-02-27,10 22 27 31 44 45,4
1988-04-30,08 12 15 29 31 40,7
1988-08-13,02 09 14 16 37 44,6
1988-10-22,04 09 24 29 30 41,3
1988-11-26,10 11 20 24 28 46,4
1988-12-24,01 04 16 25 31 48,2
1989-04-01,10 18 28 32 35 38,5
1989-05-06,04 11 12 16 25 43,1
1989-05-13,05 17 18 24 26 41,3
1989-06-17,04 08 12 32 40 41,7
1989-07-08,02 03 04 07 25 36,6
1989-09-30,04 10 17 28 29 35,8
1989-12-09,02 15 24 33 37 46,6
1990-01-06,12 30 44 45 46 48,2
1990-01-13,06 12 15 33 37 42,9
1990-02-10,10 20 21 38 46 49,7
1990-02-17,01 07 15 25 32 49,5
1990-02-24,08 12 14 17 27 46,6
1990-03-31,03 06 07 09 10 32,8
1990-04-28,05 17 19 20 43 47,3
1990-06-16,06 17 18 26 35 39,3
1990-08-11,05 07 21 25 29 36,6
1990-08-18,01 04 17 35 37 48,3
1990-09-01,09 11 20 24 34 39,1
1990-11-24,15 24 30 32 43 46,5
1990-12-15,07 08 26 37 40 43,9
1990-12-22,03 19 24 25 37 40,5
1991-02-02,05 15 33 43 48 49,4
1991-04-13,10 23 26 31 33 47,3
1991-04-27,14 24 34 35 43 46,8
1991-05-11,07 10 22 28 31 44,8
1991-06-08,04 16 22 28 30 36,5
1991-06-15,01 25 26 28 34 48,6
1991-06-22,03 21 32 39 42 48,2
1991-09-07,32 34 44 45 48 49,4
1991-10-26,02 04 08 17 25 41,1
1991-12-07,06 16 17 41 42 49,7
1991-12-14,01 37 39 43 44 47,4
1991-12-21,08 12 30 32 45 49,9
1991-12-28,17 35 36 43 45 46,1
1992-01-04,11 16 18 27 32 39,0
1992-01-11,01 03 18 21 39 45,6
1992-01-18,04 09 14 31 32 48,3
1992-01-25,20 22 31 40 41 47,7
1992-02-01,14 16 22 30 35 47,9
1992-02-08,06 16 25 37 40 41,8
1992-02-15,04 17 32 35 41 48,2
1992-02-22,03 04 11 39 40 46,0
1992-02-29,11 13 19 25 27 30,6
1992-03-07,09 15 28 31 42 43,1
1992-03-14,02 16 18 36 45 46,6
1992-03-21,14 19 20 21 35 47,1
1992-03-28,01 05 21 36 37 42,4
1992-04-04,01 03 05 17 27 30,9
1992-04-11,11 14 29 31 37 49,1
1992-04-18,10 24 31 40 41 49,6
1992-04-25,04 05 15 22 25 39,0
1992-05-02,02 05 22 29 39 46,7
1992-05-09,03 04 15 19 32 41,9
1992-05-16,01 07 17 28 44 49,4
1992-05-23,09 21 26 29 36 38,5
1992-05-30,08 19 21 32 33 36,2
1992-06-06,06 11 24 26 29 36,6
1992-06-13,02 17 23 35 43 46,1
1992-06-20,02 27 28 41 44 46,9
1992-06-27,03 14 15 19 24 42,5
1992-07-04,12 16 28 32 35 39,2
1992-07-11,01 05 16 19 24 48,5
1992-07-18,08 20 25 30 36 37,1
1992-07-25,01 05 18 35 45 48,9
1992-08-01,06 10 15 17 25 41,1
1992-08-08,05 09 10 25 26 45,7
1992-08-15,11 12 14 35 37 43,5
1992-08-22,05 32 36 39 40 45,4
1992-08-29,10 12 25 41 47 49,0
1992-09-05,08 12 30 32 35 38,1
1992-09-12,14 15 19 20 25 33,1
1992-09-19,03 05 24 35 42 46,4
1992-09-26,12 13 18 19 28 37,7
1992-10-03,07 08 18 19 32 49,9
1992-10-10,11 12 22 33 41 42,4
1992-10-17,16 24 26 28 39 45,4
1992-10-24,05 07 16 18 22 45,9
1992-10-31,05 14 24 34 46 48,8
1992-11-07,12 15 19 27 28 48,5
1992-11-14,17 18 19 34 46 48,1
1992-11-21,03 15 28 33 38 43,9
1992-11-28,07 18 34 38 40 49,4
1992-12-05,04 05 12 17 28 45,5
1992-12-12,05 09 12 19 21 28,5
1992-12-19,05 08 10 11 18 31,0
1992-12-26,02 07 15 17 39 43,8
1993-01-02,01 15 16 21 24 32,0
1993-01-09,01 07 11 22 30 42,5
1993-01-16,01 03 10 11 18 25,8
1993-01-23,02 14 18 21 29 45,6
1993-01-30,08 09 15 18 30 42,4
1993-02-06,04 06 20 25 32 42,0
1993-02-13,06 11 18 19 24 39,7
1993-02-20,09 10 23 24 36 49,4
1993-02-27,04 07 09 14 22 38,1
1993-03-06,06 12 17 18 30 32,2
1993-03-13,07 10 34 37 40 41,6
1993-03-20,10 12 21 34 44 49,2
1993-03-27,04 06 08 10 15 31,7
1993-04-03,09 16 22 26 44 46,2
1993-04-10,05 24 28 30 44 49,6
1993-04-17,18 22 23 27 32 36,0
1993-04-24,15 17 18 26 34 49,2
1993-05-01,01 02 06 13 30 34,8
1993-05-08,09 12 21 31 37 44,9
1993-05-15,08 22 26 30 31 48,3
1993-05-22,01 06 07 28 29 42,4
1993-05-29,14 24 26 29 30 40,4
1993-06-05,05 20 25 33 41 43,9
1993-06-12,10 18 22 34 35 43,6
1993-06-19,07 08 24 30 33 37,7
1993-06-26,06 08 11 14 41 49,4
1993-07-03,03 18 27 29 32 36,4
1993-07-10,15 17 26 27 40 41,3
1993-07-17,04 11 13 15 46 47,8
1993-07-24,06 18 25 32 41 46,6
1993-07-31,02 03 06 21 22 44,3
1993-08-07,13 17 20 25 41 46,4
1993-08-14,15 17 20 35 38 44,8
1993-08-21,06 08 09 29 31 44,8
1993-08-28,05 14 20 26 30 41,5
1993-09-04,02 14 19 25 26 39,8
1993-09-11,01 08 26 27 29 44,1
1993-09-18,05 14 22 23 37 47,8
1993-09-25,12 24 32 36 40 42,1
1993-10-02,06 25 27 30 34 39,6
1993-10-09,05 27 34 35 37 49,0
1993-10-16,06 12 14 20 34 46,5
1993-10-23,12 25 31 36 45 47,6
1993-10-30,01 12 18 20 27 28,5
1993-11-06,19 29 39 42 48 49,9
1993-11-13,01 03 21 26 38 46,2
1993-11-20,04 10 21 31 35 37,4
1993-11-27,02 05 06 08 22 24,5
1993-12-04,09 24 26 29 39 49,0
1993-12-11,09 27 30 33 36 48,5
1993-12-18,02 18 30 36 39 47,6
1993-12-25,18 22 29 32 34 44,3
1994-01-01,05 15 38 41 42 49,9
1994-01-08,10 13 19 32 35 43,5
1994-01-15,13 22 32 39 41 43,0
1994-01-22,03 13 17 30 37 44,4
1994-01-29,10 20 28 37 46 48,9
1994-02-05,05 10 18 21 29 34,9
1994-02-12,02 16 17 34 39 40,3
1994-02-19,02 12 15 24 31 39,7
1994-02-26,07 09 31 39 44 48,4
1994-03-05,04 07 11 32 46 49,2
1994-03-12,07 19 29 37 42 46,5
1994-03-19,11 14 24 32 36 42,0
1994-03-26,04 25 27 33 40 44,9
1994-04-02,19 21 32 37 48 49,6
1994-04-09,03 09 25 37 39 47,0
1994-04-16,01 06 17 21 24 46,4
1994-04-23,11 16 17 35 41 44,2
1994-04-30,02 14 17 29 36 44,8
1994-05-07,06 08 16 20 33 47,2
1994-05-14,04 08 11 17 38 39,1
1994-05-21,06 17 26 39 44 47,2
1994-05-28,02 16 19 38 46 49,6
1994-06-04,15 25 27 32 46 48,0
1994-06-11,04 09 16 29 39 49,8
1994-06-18,13 20 26 42 44 45,6
1994-06-25,01 02 10 29 30 35,7
1994-07-02,03 08 22 25 35 49,2
1994-07-09,17 18 25 27 28 36,4
1994-07-16,02 15 22 24 28 35,0
1994-07-23,05 07 20 40 45 48,3
1994-07-30,18 20 35 40 42 49,3
1994-08-06,07 20 27 39 42 44,7
1994-08-13,03 16 17 26 40 43,7
1994-08-20,04 27 33 36 40 41,3
1994-08-27,05 08 09 10 24 38,9
1994-09-03,05 16 17 24 30 42,5
1994-09-10,03 18 34 37 42 45,7
1994-09-17,14 15 27 37 41 48,2
1994-09-24,06 07 16 23 44 47,4
1994-10-01,01 08 09 28 32 38,6
1994-10-08,03 12 35 36 44 48,2
1994-10-15,05 07 18 22 38 41,1
1994-10-22,19 22 27 31 45 46,8
1994-10-29,07 13 15 23 29 33,4
1994-11-05,06 09 22 24 30 33,4
1994-11-12,19 29 31 36 41 48,7
1994-11-19,03 04 06 18 46 47,3
1994-11-26,03 10 13 14 23 28,1
1994-12-03,03 23 27 32 36 48,1
1994-12-10,02 03 05 08 13 43,1
1994-12-17,19 24 35 36 37 38,5
1994-12-24,01 06 13 16 30 43,9
1994-12-31,07 15 26 32 37 41,8
1995-01-07,02 12 19 41 47 48,5
1995-01-14,08 23 28 40 42 45,8
1995-01-21,12 18 21 27 41 44,6
1995-01-28,17 33 37 39 45 49,9
1995-02-04,02 04 06 08 31 44,5
1995-02-11,11 13 35 38 41 42,0
1995-02-18,01 09 12 24 31 38,1
1995-02-25,03 06 26 34 37 47,1
1995-03-04,27 36 37 41 47 49,6
1995-03-11,04 18 21 25 26 31,6
1995-03-18,07 08 13 32 33 43,0
1995-03-25,05 10 13 28 32 43,3
1995-04-01,04 11 20 32 33 48,2
1995-04-08,13 15 24 32 36 49,5
1995-04-15,10 23 26 33 38 45,6
1995-04-22,20 22 25 26 33 37,6
1995-04-29,04 13 21 25 26 31,8
1995-05-06,02 18 27 31 38 39,2
1995-05-13,01 16 28 30 34 48,3
1995-05-20,06 12 16 20 39 41,0
1995-05-27,01 13 18 25 28 30,0
1995-06-03,10 11 26 29 32 45,1
1995-06-10,03 18 20 21 30 40,0
1995-06-17,11 14 25 40 42 48,1
1995-06-24,03 07 28 30 33 37,0
1995-07-01,02 23 28 29 44 47,8
1995-07-08,09 10 21 22 24 44,0
1995-07-15,03 05 25 34 44 46,9
1995-07-22,12 13 16 26 32 47,1
1995-07-29,11 12 39 41 43 45,5
1995-08-05,05 09 17 23 36 47,6
1995-08-12,13 20 26 44 48 49,3
1995-08-19,04 23 32 36 42 49,3
1995-08-26,13 17 20 27 33 48,5
1995-09-02,06 11 25 32 37 42,2
1995-09-09,07 16 23 37 41 42,9
1995-09-16,19 21 29 37 40 43,7
1995-09-23,20 24 27 28 38 40,4
1995-09-30,06 11 14 15 25 46,2
1995-10-07,03 09 10 18 37 39,4
1995-10-14,03 05 21 31 42 47,4
1995-10-21,10 15 32 36 37 39,1
1995-10-28,02 11 13 20 36 40,8
1995-11-04,18 23 29 33 37 44,0
1995-11-11,15 21 24 33 38 39,9
1995-11-18,01 13 23 25 32 43,9
1995-11-25,32 39 42 44 48 49,0
1995-12-02,02 16 25 26 37 39,4
1995-12-09,02 09 12 15 38 39,6
1995-12-16,13 21 28 33 39 47,3
1995-12-23,06 07 20 35 44 47,8
1995-12-30,08 21 24 32 43 49,6
1996-01-06,03 06 14 19 22 32,4
1996-01-13,03 07 20 26 29 42,1
1996-01-20,08 09 17 25 42 43,8
1996-01-27,03 10 21 33 36 49,4
1996-02-03,05 13 20 25 38 40,4
1996-02-10,26 34 36 41 47 48,7
1996-02-17,01 04 20 30 43 47,5
1996-02-24,04 23 29 31 37 43,6
1996-03-02,03 09 20 34 35 38,0
1996-03-09,03 14 18 19 24 38,3
1996-03-16,12 15 17 25 35 36,9
1996-03-23,07 24 25 31 35 46,0
1996-03-30,02 08 12 20 35 45,4
1996-04-06,19 24 30 41 43 44,9
1996-04-13,07 09 10 11 18 23,4
1996-04-20,03 11 13 28 32 36,3
1996-04-27,02 25 27 28 38 42,3
1996-05-04,06 10 11 21 42 48,4
1996-05-11,04 06 18 39 41 49,9
1996-05-18,06 17 29 35 44 48,5
1996-05-25,06 18 21 27 28 36,6
1996-06-01,08 23 27 29 43 47,2
1996-06-08,08 12 16 20 28 41,3
1996-06-15,15 30 32 33 36 37,5
1996-06-22,11 12 17 23 34 41,0
1996-06-29,01 02 03 11 26 47,3
1996-07-06,09 11 15 18 33 46,1
1996-07-13,10 28 33 37 40 41,2
1996-07-20,13 18 33 45 47 48,3
1996-07-27,02 06 13 26 32 34,7
1996-08-03,02 23 37 39 43 45,9
1996-08-10,02 17 19 23 38 47,5
1996-08-17,03 05 17 37 47 49,5
1996-08-24,01 18 29 34 46 49,1
1996-08-31,08 29 30 34 35 39,5
1996-09-07,08 14 16 29 30 45,2
1996-09-14,03 07 14 16 43 45,1
1996-09-21,05 08 15 40 44 49,8
1996-09-28,02 07 16 24 43 48,8
1996-10-05,01 03 07 24 34 43,2
1996-10-12,04 17 23 24 35 37,2
1996-10-19,06 10 22 24 25 32,7
1996-10-26,03 20 21 24 35 42,9
1996-11-02,09 10 20 32 36 47,2
1996-11-09,04 07 16 18 28 48,2
1996-11-16,02 20 21 23 26 36,5
1996-11-23,20 23 36 38 39 44,9
1996-11-30,04 05 24 30 32 39,9
1996-12-07,02 08 10 14 27 42,3
1996-12-14,06 22 33 35 41 44,2
1996-12-21,10 11 13 32 39 49,3
1996-12-28,04 18 32 44 46 49,4
1997-01-04,06 10 31 44 46 48,2
1997-01-11,03 28 29 33 35 40,1
1997-01-18,10 19 28 36 44 47,1
1997-01-25,01 07 11 14 29 36,2
1997-02-01,10 22 24 26 31 39,5
1997-02-08,05 10 15 26 33 49,1
1997-02-15,16 27 30 34 38 47,1
1997-02-22,02 08 15 27 30 39,1
1997-03-01,05 07 13 20 22 44,0
1997-03-08,03 09 31 43 46 49,0
1997-03-15,02 07 08 27 31 41,0
1997-03-22,06 08 11 15 31 32,3
1997-03-29,18 23 26 28 44 49,9
1997-04-05,26 27 33 38 40 46,7
1997-04-12,07 13 18 22 26 36,2
1997-04-19,02 24 25 26 41 46,9
1997-04-26,09 14 24 27 33 36,7
1997-05-03,03 13 14 15 21 31,6
1997-05-10,01 08 11 19 47 49,8
1997-05-17,03 04 29 35 38 49,8
1997-05-24,06 08 14 23 26 46,0
1997-05-31,02 10 15 26 32 37,2
1997-06-07,04 09 14 41 45 47,4
1997-06-14,09 16 17 29 37 44,4
1997-06-21,02 15 18 27 29 43,0
1997-06-28,04 13 27 29 30 47,1
1997-07-05,03 14 23 26 36 46,6
1997-07-12,06 15 29 30 38 47,1
1997-07-19,08 10 11 18 23 45,1
1997-07-26,04 06 15 25 35 49,0
1997-08-02,03 08 21 26 33 42,7
1997-08-09,10 12 16 30 39 42,8
1997-08-16,14 39 40 43 45 48,3
1997-08-23,06 11 24 27 31 45,6
1997-08-30,08 13 18 29 35 49,9
1997-09-06,06 07 15 24 44 47,8
1997-09-13,10 16 35 36 37 44,0
1997-09-20,06 12 16 36 37 48,3
1997-09-27,11 15 16 34 40 43,5
1997-10-04,09 13 23 27 38 40,8
1997-10-11,05 06 29 30 32 45,2
1997-10-18,02 10 25 29 30 42,4
1997-10-25,16 21 31 46 47 48,2
1997-11-01,04 09 18 28 33 49,5
1997-11-08,01 15 26 27 28 32,7
1997-11-15,07 10 11 12 35 43,9
1997-11-22,10 33 36 39 47 48,4
1997-11-29,01 11 14 16 36 48,1
1997-12-06,01 13 15 34 40 49,5
1997-12-13,03 09 22 23 40 41,3
1997-12-20,14 19 34 35 39 42,6
1997-12-27,04 12 17 41 42 47,2
1998-01-03,12 15 16 20 29 45,7
1998-01-10,02 19 29 36 43 49,1
1998-01-17,15 30 31 32 41 48,5
1998-01-24,14 22 25 35 44 48,8
1998-01-31,05 06 17 23 27 47,6
1998-02-07,12 36 40 42 44 48,6
1998-02-14,10 11 17 32 36 49,3
1998-02-21,02 13 29 37 47 49,0
1998-02-28,24 33 36 44 45 49,7
1998-03-07,12 18 23 25 40 44,5
1998-03-14,01 12 22 31 39 45,2
1998-03-21,05 09 16 38 40 41,1
1998-03-28,02 08 10 11 22 35,0
1998-04-04,03 17 39 41 42 48,8
1998-04-11,08 23 31 33 35 39,0
1998-04-18,03 11 24 45 46 49,0
1998-04-25,08 33 38 44 47 49,4
1998-05-02,18 32 34 38 40 48,5
1998-05-09,01 03 14 21 22 47,1
1998-05-16,05 15 22 36 37 43,2
1998-05-23,11 13 22 27 33 48,9
1998-05-30,04 09 15 22 38 45,0
1998-06-06,05 15 21 32 34 35,9
1998-06-13,06 08 14 20 27 34,8
1998-06-20,19 27 29 31 38 44,4
1998-06-27,01 06 11 12 16 20,3
1998-07-04,14 16 23 25 30 36,6
1998-07-11,02 10 14 38 41 49,9
1998-07-18,02 19 30 31 37 42,7
1998-07-25,09 13 14 34 38 49,7
1998-08-01,03 20 21 38 39 43,8
1998-08-08,07 11 15 22 37 39,3
1998-08-15,06 19 20 30 46 48,5
1998-08-22,05 24 36 38 40 47,8
1998-08-29,03 07 11 26 42 43,5
1998-09-05,08 15 32 41 45 48,4
1998-09-12,09 28 29 38 46 49,0
1998-09-19,09 20 26 27 32 48,6
1998-09-26,01 05 07 12 13 36,4
1998-10-03,18 23 29 32 40 44,4
1998-10-10,04 27 29 31 39 41,4
1998-10-17,01 05 28 32 35 36,4
1998-10-24,01 07 19 26 31 38,2
1998-10-31,02 05 06 24 26 44,0
1998-11-07,01 04 19 23 31 32,2
1998-11-14,07 25 27 32 33 41,7
1998-11-21,02 11 21 31 36 41,9
1998-11-28,10 17 28 33 34 38,3
1998-12-05,09 22 31 35 43 48,5
1998-12-12,07 10 17 25 28 41,4
1998-12-19,07 14 19 29 32 33,4
1998-12-26,19 20 24 29 43 45,0
1999-01-02,04 12 19 27 41 45,0
1999-01-09,04 06 11 17 20 48,2
1999-01-16,18 26 30 32 40 46,0
1999-01-23,10 15 25 27 32 46,7
1999-01-30,04 05 18 20 22 41,9
1999-02-06,13 29 37 38 45 48,4
1999-02-13,03 29 35 38 43 49,5
1999-02-20,01 09 13 23 46 48,0
1999-02-27,12 15 20 22 26 32,6
1999-03-06,03 18 27 38 44 49,7
1999-03-13,01 11 19 20 24 34,6
1999-03-20,12 15 25 29 30 44,8
1999-03-27,01 08 18 29 32 38,4
1999-04-03,02 11 20 29 35 46,6
1999-04-10,02 03 04 05 06 26,4
1999-04-17,06 07 36 39 42 46,3
1999-04-24,04 18 25 29 34 36,0
1999-05-01,09 12 13 24 26 48,0
1999-05-08,03 16 17 23 39 47,8
1999-05-15,11 28 40 42 46 49,3
1999-05-22,14 18 33 35 39 41,1
1999-05-29,01 11 12 13 42 43,2
1999-06-05,05 19 21 31 43 48,9
1999-06-12,12 13 24 25 41 42,9
1999-06-19,12 30 31 34 35 49,6
1999-06-26,01 14 16 18 48 49,1
1999-07-03,06 15 23 24 25 32,4
1999-07-10,03 05 15 30 38 44,1
1999-07-17,03 11 22 36 43 44,8
1999-07-24,27 28 31 34 35 49,7
1999-07-31,03 16 21 29 33 44,5
1999-08-07,09 20 21 27 33 42,1
1999-08-14,19 22 33 40 42 49,2
1999-08-21,04 09 20 23 24 41,2
1999-08-28,01 14 21 28 43 47,3
1999-09-04,17 19 24 30 34 35,0
1999-09-11,01 14 19 34 35 36,2
1999-09-18,21 24 28 35 44 45,5
1999-09-25,12 18 22 25 29 42,6
1999-10-02,10 19 27 35 42 45,4
1999-10-09,06 17 19 20 29 44,2
1999-10-16,03 04 07 12 30 42,1
1999-10-23,03 05 22 27 34 35,7
1999-10-30,01 10 14 23 45 49,3
1999-11-06,05 07 12 25 34 49,9
1999-11-13,14 19 23 27 30 47,2
1999-11-20,01 07 08 09 24 41,1
1999-11-27,02 05 24 37 43 48,1
1999-12-04,04 19 28 43 44 46,4
1999-12-11,06 07 19 22 46 47,4
1999-12-18,02 06 17 20 25 38,2
1999-12-25,05 18 23 24 30 33,4
2000-01-01,01 02 12 30 40 47,0
2000-01-08,04 06 20 29 31 37,8
2000-01-15,22 31 32 33 35 38,8
2000-01-22,10 15 25 28 30 40,7
2000-01-29,19 21 30 34 41 45,0
2000-02-05,12 23 26 27 31 43,2
2000-02-12,04 11 20 24 33 48,7
2000-02-19,09 10 15 17 20 40,3
2000-02-26,03 05 11 27 32 36,7
2000-03-04,05 13 14 22 29 32,7
2000-03-11,07 12 26 42 44 49,7
2000-03-18,02 04 05 08 29 42,1
2000-03-25,20 33 36 38 39 43,8
2000-04-01,01 11 17 25 42 48,0
2000-04-08,05 16 22 41 44 45,4
2000-04-15,01 07 11 13 15 25,2
2000-04-22,15 16 21 25 32 33,3
2000-04-29,07 14 30 36 38 39,6
2000-05-06,04 09 16 34 38 40,6
2000-05-13,05 06 25 29 37 43,6
2000-05-20,19 31 32 36 40 49,9
2000-05-27,09 16 26 29 35 40,0
2000-06-03,09 21 25 27 39 40,7
2000-06-10,01 25 33 35 37 44,2
2000-06-17,24 28 32 40 46 49,7
2000-06-24,06 13 28 29 42 43,6
2000-07-01,16 18 24 29 36 44,9
2000-07-08,02 08 11 15 17 35,1
2000-07-15,03 09 24 28 31 38,6
2000-07-22,02 09 14 38 40 44,0
2000-07-29,05 13 27 28 32 33,9
2000-08-05,16 18 21 26 32 47,1
2000-08-12,16 19 26 32 38 39,2
2000-08-19,01 20 25 31 32 39,3
2000-08-26,01 04 27 28 43 46,6
2000-09-02,22 23 25 32 35 36,2
2000-09-09,16 29 39 40 41 47,6
2000-09-16,04 10 18 20 25 43,2
2000-09-23,09 18 26 35 39 45,3
2000-09-30,01 02 07 10 11 35,3
2000-10-07,01 03 26 32 38 48,7
2000-10-14,02 26 37 38 39 47,2
2000-10-21,10 21 24 30 32 33,2
2000-10-28,05 11 13 29 35 49,8
2000-11-04,17 22 37 43 46 48,3
2000-11-11,24 26 27 39 41 49,6
2000-11-18,01 06 08 23 37 47,9
2000-11-25,04 10 14 37 43 48,2
2000-12-02,04 32 42 43 45 46,5
2000-12-06,08 09 29 30 33 43,8
2000-12-09,04 11 15 26 33 40,0
2000-12-13,05 15 17 23 26 37,9
2000-12-16,11 24 27 31 40 48,7
2000-12-20,06 07 24 26 35 38,3
2000-12-23,11 13 18 20 28 33,3
2000-12-27,11 13 24 27 41 48,0
2000-12-30,02 05 07 17 27 47,4
2001-01-03,13 19 21 34 36 46,2
2001-01-06,08 12 17 26 37 42,6
2001-01-10,03 04 15 24 27 28,2
2001-01-13,04 06 28 31 37 46,4
2001-01-17,11 12 20 43 45 49,4
2001-01-20,01 03 28 47 48 49,2
2001-01-24,06 07 09 18 38 46,9
2001-01-27,02 12 13 38 40 43,4
2001-01-31,14 16 19 24 30 33,3
2001-02-03,03 12 15 28 35 37,2
2001-02-07,01 05 10 26 31 40,8
2001-02-10,32 34 39 41 42 44,0
2001-02-14,02 25 26 31 34 48,6
2001-02-17,12 13 16 21 33 49,9
2001-02-21,04 05 10 22 25 26,4
2001-02-24,04 21 23 29 47 48,9
2001-02-28,16 23 30 33 38 49,0
2001-03-03,09 34 41 42 43 46,2
2001-03-07,01 06 17 29 32 44,6
2001-03-10,10 15 21 25 38 48,7
2001-03-14,22 26 32 38 39 45,4
2001-03-17,05 25 33 41 44 49,5
2001-03-21,11 22 26 28 45 49,9
2001-03-24,09 11 30 36 45 49,2
2001-03-28,14 19 24 25 31 41,9
2001-03-31,02 10 14 15 28 44,0
2001-04-04,04 12 21 22 24 31,6
2001-04-07,03 09 33 36 37 38,3
2001-04-11,04 12 24 28 33 36,2
2001-04-14,02 09 11 21 24 42,7
2001-04-18,01 06 17 19 29 48,6
2001-04-21,02 07 18 25 27 48,8
2001-04-25,09 13 20 26 31 42,8
2001-04-28,03 07 14 33 35 38,3
2001-05-02,02 12 14 24 31 44,1
2001-05-05,29 36 41 42 44 49,5
2001-05-09,04 16 17 26 30 36,3
2001-05-12,01 07 28 29 31 46,9
2001-05-16,02 16 19 23 33 35,7
2001-05-19,01 09 10 11 15 34,1
2001-05-23,13 15 31 40 44 46,2
2001-05-26,02 08 13 22 42 43,1
2001-05-30,16 26 27 35 47 48,3
2001-06-02,08 13 23 34 35 39,1
2001-06-06,08 09 26 34 42 47,6
2001-06-09,02 06 15 31 48 49,3
2001-06-13,06 15 17 20 34 41,5
2001-06-16,04 17 22 25 32 36,3
2001-06-20,01 02 05 08 25 27,9
2001-06-23,06 18 29 35 40 42,6
2001-06-27,13 17 20 24 27 47,2
2001-06-30,06 12 14 16 27 43,9
2001-07-04,02 17 31 34 37 43,7
2001-07-07,11 22 37 39 40 42,3
2001-07-11,01 08 12 27 39 45,7
2001-07-14,06 18 22 23 31 38,5
2001-07-18,11 12 31 34 44 45,5
2001-07-21,21 25 33 37 38 44,1
2001-07-25,06 12 13 32 37 39,2
2001-07-28,02 06 18 22 23 27,9
2001-08-01,09 30 32 34 41 48,6
2001-08-04,06 10 17 29 35 47,5
2001-08-08,10 17 20 22 40 41,8
2001-08-11,02 14 22 24 28 34,6
2001-08-15,10 11 23 31 35 47,4
2001-08-18,06 07 12 26 29 44,7
2001-08-22,03 11 25 35 36 48,8
2001-08-25,02 15 28 30 32 41,7
2001-08-29,06 16 22 28 34 35,2
2001-09-01,01 06 25 27 35 38,8
2001-09-05,01 09 25 33 38 44,1
2001-09-08,02 04 06 12 28 40,5
2001-09-12,04 18 23 26 43 44,5
2001-09-15,12 19 26 27 33 38,9
2001-09-19,04 10 23 24 25 30,8
2001-09-22,12 28 32 33 36 48,1
2001-09-26,01 17 21 23 28 46,8
2001-09-29,08 20 23 27 28 41,3
2001-10-03,11 17 20 33 43 49,7
2001-10-06,06 09 25 30 41 42,9
2001-10-10,07 33 37 41 47 49,1
2001-10-13,02 09 10 15 25 38,4
2001-10-17,07 23 34 35 37 42,9
2001-10-20,03 08 11 37 40 42,0
2001-10-24,04 26 27 32 40 48,1
2001-10-27,04 18 22 23 27 37,4
2001-10-31,11 18 23 26 36 38,8
2001-11-03,03 05 07 24 26 42,0
2001-11-07,03 04 07 10 17 22,0
2001-11-10,02 14 15 16 20 26,9
2001-11-14,02 03 15 22 27 42,1
2001-11-17,01 02 04 30 38 40,7
2001-11-21,14 25 34 43 44 46,3
2001-11-24,07 20 26 30 40 42,8
2001-11-28,07 22 25 36 37 48,0
2001-12-01,02 10 33 37 40 41,3
2001-12-05,03 05 18 25 46 48,8
2001-12-08,01 04 20 29 33 35,9
2001-12-12,01 15 19 30 40 47,3
2001-12-15,19 27 31 39 40 44,2
2001-12-19,01 19 24 43 44 46,8
2001-12-22,12 18 25 47 48 49,6
2001-12-26,02 22 23 28 40 49,7
2001-12-29,02 08 11 44 46 48,9
2002-01-02,13 21 25 34 35 46,1
2002-01-05,12 24 27 29 43 49,1
2002-01-09,04 24 37 39 43 47,8
2002-01-12,03 11 13 25 30 37,7
2002-01-16,19 22 25 26 28 42,3
2002-01-19,02 08 16 20 42 46,6
2002-01-23,21 31 32 34 38 46,6
2002-01-26,01 11 12 26 42 47,0
2002-01-30,07 13 29 39 42 46,6
2002-02-02,03 18 27 31 36 47,3
2002-02-06,06 18 25 33 34 45,3
2002-02-09,07 10 21 31 41 45,1
2002-02-13,01 05 06 11 17 45,4
2002-02-16,01 08 09 29 33 48,1
2002-02-20,02 11 22 25 38 40,6
2002-02-23,07 22 23 38 47 49,8
2002-02-27,04 17 25 32 37 45,5
2002-03-02,04 20 28 30 47 49,5
2002-03-06,07 11 22 25 33 44,1
2002-03-09,04 05 38 40 43 44,5
2002-03-13,30 31 32 33 37 43,7
2002-03-16,02 07 25 27 39 44,9
2002-03-20,04 09 13 35 40 44,6
2002-03-23,10 15 17 18 47 48,8
2002-03-27,01 05 08 27 36 48,6
2002-03-30,04 08 37 38 43 44,7
2002-04-03,08 13 16 20 33 37,0
2002-04-06,05 07 17 23 24 46,1
2002-04-10,09 13 16 18 38 41,7
2002-04-13,09 18 27 29 33 36,9
2002-04-17,03 04 13 34 43 47,5
2002-04-20,06 07 11 39 42 49,9
2002-04-24,04 15 42 43 46 48,9
2002-04-27,01 06 08 10 21 42,2
2002-05-01,01 08 11 22 26 42,0
2002-05-04,32 34 38 39 47 49,8
2002-05-08,04 35 36 38 43 46,9
2002-05-11,14 16 29 40 43 46,8
2002-05-15,13 23 26 27 34 46,6
2002-05-18,09 15 34 38 43 44,4
2002-05-22,04 08 21 25 33 41,7
2002-05-25,01 05 07 19 22 31,3
2002-05-29,01 05 07 14 22 42,6
2002-06-01,03 07 11 18 36 48,7
2002-06-05,16 25 28 41 44 47,4
2002-06-08,06 11 28 34 38 46,7
2002-06-12,17 23 29 36 41 43,6
2002-06-15,05 16 23 36 37 39,2
2002-06-19,13 14 30 37 41 42,1
2002-06-22,07 08 10 18 27 49,6
2002-06-26,11 21 32 41 42 46,4
2002-06-29,05 06 25 29 30 44,4
2002-07-03,07 09 12 13 14 49,5
2002-07-06,06 13 16 19 39 45,8
2002-07-10,04 17 25 40 47 48,2
2002-07-13,01 02 21 30 36 43,5
2002-07-17,14 21 26 27 28 39,4
2002-07-20,03 11 24 31 34 36,3
2002-07-24,11 12 18 19 41 42,6
2002-07-27,08 10 26 39 40 41,9
2002-07-31,04 12 16 26 34 40,0
2002-08-03,05 07 18 26 27 44,8
2002-08-07,04 09 14 38 41 45,4
2002-08-10,09 10 13 26 31 34,2
2002-08-14,01 11 18 22 26 31,3
2002-08-17,04 05 07 20 29 44,2
2002-08-21,09 15 22 26 34 41,0
2002-08-24,03 16 19 25 27 34,4
2002-08-28,13 22 34 36 37 44,7
2002-08-31,21 35 39 40 41 43,2
2002-09-04,27 29 34 38 41 44,5
2002-09-07,16 17 18 19 29 37,6
2002-09-11,12 23 24 25 28 45,1
2002-09-14,08 20 23 27 30 39,4
2002-09-18,20 24 25 37 39 49,1
2002-09-21,08 11 14 36 37 48,9
2002-09-25,03 04 07 25 36 38,5
2002-09-28,06 10 12 28 29 40,0
2002-10-02,04 18 21 27 38 46,9
2002-10-05,01 11 26 30 33 39,5
2002-10-09,07 19 31 34 37 42,3
2002-10-12,06 07 12 16 17 35,0
2002-10-16,09 11 21 25 37 40,2
2002-10-19,01 21 28 34 42 43,5
2002-10-23,01 05 13 14 31 37,7
2002-10-26,15 16 30 34 41 43,4
2002-10-30,07 25 30 31 34 49,6
2002-11-02,05 07 17 30 34 44,8
2002-11-06,21 23 29 33 43 44,4
2002-11-09,01 24 27 32 38 43,6
2002-11-13,06 08 19 26 34 47,5
2002-11-16,03 07 13 14 24 44,4
2002-11-20,22 24 26 31 40 49,5
2002-11-23,12 16 32 34 43 44,3
2002-11-27,18 21 23 32 39 44,3
2002-11-30,07 09 10 11 43 47,7
2002-12-04,03 06 09 26 30 46,1
2002-12-07,06 08 09 24 34 40,1
2002-12-11,09 11 23 32 33 39,3
2002-12-14,03 06 13 17 22 38,2
2002-12-18,24 30 36 37 44 48,4
2002-12-21,11 12 19 22 41 48,8
2002-12-25,06 14 17 25 34 49,6
2002-12-28,13 17 24 27 35 42,4
2003-01-01,11 14 36 41 42 45,2
2003-01-04,06 17 18 19 24 44,6
2003-01-08,02 27 30 31 32 37,5
2003-01-11,09 12 32 38 43 48,7
2003-01-15,03 05 29 37 42 49,0
2003-01-18,06 17 35 39 41 49,8
2003-01-22,02 14 19 27 40 44,2
2003-01-25,06 09 13 18 37 47,9
2003-01-29,24 27 30 33 35 47,6
2003-02-01,20 36 38 43 44 47,7
2003-02-05,08 11 12 23 35 47,6
2003-02-08,08 25 32 33 38 48,9
2003-02-12,10 31 33 35 41 42,7
2003-02-15,04 06 12 18 24 30,4
2003-02-19,19 23 24 34 40 43,5
2003-02-22,08 22 23 31 35 49,5
2003-02-26,10 11 14 17 19 39,9
2003-03-01,10 14 18 30 40 45,8
2003-03-05,04 20 26 36 43 49,0
2003-03-08,12 14 17 39 45 46,7
2003-03-12,06 07 19 33 34 37,5
2003-03-15,07 13 33 42 46 47,6
2003-03-19,09 16 20 23 33 37,1
2003-03-22,17 28 36 44 45 47,7
2003-03-26,15 16 25 32 37 44,7
2003-03-29,14 16 18 22 43 46,5
2003-04-02,01 14 16 17 19 21,9
2003-04-05,01 03 09 19 42 47,1
2003-04-09,05 11 17 20 39 48,3
2003-04-12,13 14 27 32 34 40,1
2003-04-16,04 05 08 34 35 42,6
2003-04-19,03 04 10 16 31 46,1
2003-04-23,05 06 09 14 25 46,7
2003-04-26,08 17 24 26 31 45,9
2003-04-30,17 22 23 26 30 45,7
2003-05-03,05 14 23 32 41 48,3
2003-05-07,09 12 13 25 29 33,2
2003-05-10,07 09 11 13 20 38,4
2003-05-14,15 25 28 38 40 45,6
2003-05-17,01 10 22 35 37 44,3
2003-05-21,10 19 28 29 33 35,2
2003-05-24,03 14 15 28 33 46,5
2003-05-28,08 20 31 39 40 46,5
2003-05-31,12 21 24 26 29 38,1
2003-06-04,03 11 32 34 36 43,5
2003-06-07,02 34 37 38 41 44,7
2003-06-11,06 20 22 31 38 49,9
2003-06-14,02 05 21 23 38 48,1
2003-06-18,10 12 13 24 37 41,5
2003-06-21,17 19 23 26 34 47,8
2003-06-25,05 10 11 27 39 48,3
2003-06-28,09 13 14 16 28 47,0
2003-07-02,01 14 20 29 45 46,2
2003-07-05,02 08 10 39 45 46,6
2003-07-09,02 07 09 36 42 46,6
2003-07-12,04 05 21 25 28 47,5
2003-07-16,05 10 15 23 29 33,8
2003-07-19,15 18 24 28 30 44,1
2003-07-23,02 15 17 41 42 49,6
2003-07-26,06 07 18 31 36 37,8
2003-07-30,08 17 37 39 40 45,6
2003-08-02,01 02 03 12 15 21,3
2003-08-06,07 17 25 35 38 45,6
2003-08-09,01 02 11 12 31 34,8
2003-08-13,03 06 09 18 27 48,5
2003-08-16,04 12 14 17 38 45,6
2003-08-20,24 38 42 44 45 48,5
2003-08-23,02 06 07 15 31 34,6
2003-08-27,05 08 19 23 35 48,0
2003-08-30,07 19 25 33 42 49,7
2003-09-03,04 05 09 16 18 43,6
2003-09-06,04 08 15 16 18 26,9
2003-09-10,17 19 20 35 40 48,3
2003-09-13,11 18 19 22 25 42,2
2003-09-17,03 13 23 34 35 48,5
2003-09-20,03 11 26 27 34 47,8
2003-09-24,17 20 22 25 43 46,6
2003-09-27,07 17 35 39 40 44,5
2003-10-01,05 09 14 18 32 38,4
2003-10-04,11 16 19 25 30 49,1
2003-10-08,08 15 16 34 40 46,3
2003-10-11,07 28 31 33 35 47,6
2003-10-15,01 04 24 31 32 33,4
2003-10-18,04 15 32 35 37 41,0
2003-10-22,01 06 08 19 26 44,3
2003-10-25,24 25 27 35 38 49,9
2003-10-29,09 11 20 25 43 47,8
2003-11-01,04 18 21 22 32 43,5
2003-11-05,08 10 13 27 32 48,6
2003-11-08,16 27 31 41 44 47,9
2003-11-12,10 14 25 36 41 46,0
2003-11-15,04 19 22 33 36 38,8
2003-11-19,05 10 18 27 32 39,6
2003-11-22,05 08 25 31 37 39,8
2003-11-26,05 26 27 28 29 37,2
2003-11-29,04 08 28 31 48 49,7
2003-12-03,09 16 18 41 47 48,4
2003-12-06,20 24 33 35 41 43,2
2003-12-10,01 09 15 24 30 43,5
2003-12-13,05 11 26 29 30 44,9
2003-12-17,05 11 14 20 39 40,3
2003-12-20,02 24 30 31 37 43,5
2003-12-24,04 06 09 14 27 31,4
2003-12-27,07 17 24 35 36 40,0
2003-12-31,04 06 22 31 39 47,8
2004-01-03,05 15 16 37 41 48,7
2004-01-07,10 12 24 44 45 49,7
2004-01-10,09 13 14 33 42 45,9
2004-01-14,05 17 19 21 23 28,7
2004-01-17,20 28 34 35 40 49,0
2004-01-21,05 22 29 30 33 49,4
2004-01-24,09 12 14 20 26 48,4
2004-01-28,15 17 18 27 33 38,2
2004-01-31,16 22 30 32 48 49,6
2004-02-04,01 02 16 21 31 41,4
2004-02-07,14 17 20 23 26 28,1
2004-02-11,04 17 27 28 34 39,9
2004-02-14,23 25 32 35 37 46,8
2004-02-18,20 27 30 40 46 48,3
2004-02-21,05 09 14 28 38 49,1
2004-02-25,05 11 13 21 28 49,4
2004-02-28,01 06 18 24 29 38,5
2004-03-03,20 22 29 44 46 49,7
2004-03-06,01 03 24 37 38 46,4
2004-03-10,04 08 17 38 40 47,2
2004-03-13,06 20 21 28 32 48,9
2004-03-17,01 12 15 21 29 34,4
2004-03-20,03 10 16 24 27 32,4
2004-03-24,03 08 09 11 31 44,6
2004-03-27,26 28 30 40 47 49,0
2004-03-31,13 20 22 23 25 35,4
2004-04-03,01 02 10 16 30 43,3
2004-04-07,04 06 10 33 34 45,4
2004-04-10,03 05 25 43 47 49,6
2004-04-14,04 12 13 38 43 47,1
2004-04-17,18 24 26 29 32 33,8
2004-04-21,01 03 32 33 46 47,1
2004-04-24,01 13 30 33 37 40,3
2004-04-28,25 29 34 43 45 48,6
2004-05-01,08 09 22 27 29 49,6
2004-05-05,06 12 25 31 41 46,8
2004-05-08,04 11 33 37 43 44,7
2004-05-12,05 07 13 23 28 38,7
2004-05-15,03 08 23 29 32 34,1
2004-05-19,03 13 19 24 27 44,7
2004-05-22,05 18 26 31 43 44,7
2004-05-26,08 12 17 21 35 40,0
2004-05-29,03 04 14 18 24 40,8
2004-06-02,10 17 32 38 41 43,4
2004-06-05,15 19 31 34 41 44,7
2004-06-09,05 11 16 28 32 40,4
2004-06-12,03 06 12 13 30 36,9
2004-06-16,02 11 14 22 34 47,7
2004-06-19,19 22 26 27 31 40,4
2004-06-23,08 13 14 19 39 44,4
2004-06-26,18 30 31 33 35 40,2
2004-06-30,06 08 15 27 33 34,9
2004-07-03,04 16 17 20 36 49,5
2004-07-07,04 11 12 26 41 45,8
2004-07-10,02 04 31 39 40 46,5
2004-07-14,06 07 08 34 42 48,4
2004-07-17,10 23 24 25 27 41,0
2004-07-21,10 11 38 43 45 47,0
2004-07-24,02 09 13 27 37 48,0
2004-07-28,03 13 30 35 41 49,3
2004-07-31,03 06 09 33 44 48,5
2004-08-04,08 17 19 33 43 45,3
2004-08-07,05 07 26 35 39 45,6
2004-08-11,12 18 23 27 32 46,4
2004-08-14,03 12 37 40 48 49,1
2004-08-18,05 07 08 14 23 33,2
2004-08-21,01 06 21 27 31 47,0
2004-08-25,02 05 13 19 30 47,9
2004-08-28,01 12 21 31 36 40,6
2004-09-01,17 31 32 41 42 43,4
2004-09-04,01 03 04 11 19 40,4
2004-09-08,03 09 20 38 39 45,2
2004-09-11,06 10 12 16 17 31,9
2004-09-15,01 26 27 28 29 31,6
2004-09-18,01 05 17 22 26 41,0
2004-09-22,02 06 12 14 28 40,4
2004-09-25,05 07 28 33 39 42,2
2004-09-29,01 14 28 29 43 45,1
2004-10-02,11 19 28 29 42 45,5
2004-10-06,09 23 29 37 39 43,0
2004-10-09,11 15 21 22 27 47,9
2004-10-13,11 12 13 20 32 42,8
2004-10-16,06 07 21 23 28 29,7
2004-10-20,06 07 10 18 35 43,3
2004-10-23,26 29 32 34 40 48,7
2004-10-27,07 27 29 31 37 38,3
2004-10-30,10 27 30 39 40 47,7
2004-11-03,05 08 15 22 35 48,5
2004-11-06,16 24 33 36 45 47,9
2004-11-10,07 08 19 25 28 45,4
2004-11-13,05 27 41 42 43 46,9
2004-11-17,05 15 17 24 26 43,9
2004-11-20,07 18 19 33 46 49,6
2004-11-24,07 08 31 35 36 49,5
2004-11-27,18 27 36 39 41 47,0
2004-12-01,03 10 13 28 38 45,2
2004-12-04,02 08 17 36 38 40,1
2004-12-08,04 14 15 25 30 32,3
2004-12-11,03 07 09 33 35 42,2
2004-12-15,06 13 19 34 45 48,9
2004-12-18,01 10 12 16 22 30,9
2004-12-22,05 15 16 19 20 43,0
2004-12-25,09 13 22 41 47 48,6
2004-12-29,04 05 25 26 28 39,7
2005-01-01,02 21 22 27 36 44,2
2005-01-05,01 11 20 24 26 41,8
2005-01-08,02 05 14 35 39 42,8
2005-01-12,03 05 06 10 30 45,3
2005-01-15,06 17 28 37 41 45,3
2005-01-19,07 08 14 36 39 45,3
2005-01-22,02 04 23 35 39 47,9
2005-01-26,04 24 32 36 42 45,0
2005-01-29,09 14 21 23 28 36,4
2005-02-02,06 22 26 30 36 44,1
2005-02-05,07 11 17 18 21 42,8
2005-02-09,10 15 19 39 44 46,3
2005-02-12,16 27 31 33 36 41,1
2005-02-16,01 06 10 19 22 46,1
2005-02-19,09 26 36 41 42 45,6
2005-02-23,20 34 37 38 39 45,5
2005-02-26,01 07 16 23 25 37,0
2005-03-02,09 24 25 27 35 39,0
2005-03-05,05 08 16 26 43 47,2
2005-03-09,07 16 27 33 35 44,0
2005-03-12,02 03 06 20 24 39,5
2005-03-16,04 06 16 29 33 40,5
2005-03-19,04 05 07 09 48 49,3
2005-03-23,18 21 32 33 45 48,1
2005-03-26,02 07 21 34 35 48,6
2005-03-30,01 03 07 14 40 46,9
2005-04-02,05 08 18 37 43 49,6
2005-04-06,06 14 28 32 43 47,8
2005-04-09,11 29 30 32 39 40,5
2005-04-13,15 22 26 28 36 42,2
2005-04-16,01 18 19 24 26 36,7
2005-04-20,06 09 16 20 25 43,9
2005-04-23,04 07 13 21 37 49,9
2005-04-27,05 06 18 27 41 48,1
2005-04-30,08 18 22 31 34 48,3
2005-05-04,03 07 21 24 30 39,0
2005-05-07,06 09 25 29 38 43,4
2005-05-11,02 18 22 46 47 49,6
2005-05-14,14 25 30 35 37 38,6
2005-05-18,01 18 20 26 27 44,2
2005-05-21,02 21 37 40 41 49,4
2005-05-25,22 23 33 43 47 49,0
2005-05-28,06 07 28 29 34 43,5
2005-06-01,02 15 29 32 33 39,2
2005-06-04,01 06 19 25 43 47,8
2005-06-08,06 10 23 25 45 49,7
2005-06-11,09 13 18 24 29 30,8
2005-06-15,11 12 14 18 31 32,3
2005-06-18,08 18 26 27 28 49,9
2005-06-22,05 33 40 41 44 48,5
2005-06-25,05 17 20 21 24 40,9
2005-06-29,07 16 18 25 26 41,1
2005-07-02,01 12 17 29 40 41,4
2005-07-06,11 16 29 35 38 47,8
2005-07-09,04 05 27 40 42 48,3
2005-07-13,10 14 18 24 39 47,9
2005-07-16,01 25 30 31 42 49,1
2005-07-20,04 10 19 25 33 43,3
2005-07-23,02 14 37 45 46 47,9
2005-07-27,15 16 25 27 38 47,8
2005-07-30,12 19 22 42 43 45,1
2005-08-03,04 07 10 12 24 33,7
2005-08-06,01 07 23 24 33 42,5
2005-08-10,08 09 16 20 35 45,1
2005-08-13,10 25 26 34 35 44,4
2005-08-17,09 10 16 22 23 45,0
2005-08-20,01 02 17 18 22 40,5
2005-08-24,07 11 22 38 43 49,8
2005-08-27,01 09 23 38 42 47,7
2005-08-31,01 08 12 15 24 29,3
2005-09-03,05 20 24 41 46 49,8
2005-09-07,02 06 07 20 24 33,8
2005-09-10,17 19 27 31 37 48,1
2005-09-14,10 22 26 35 41 47,4
2005-09-17,08 16 17 28 29 43,9
2005-09-21,14 22 28 36 38 46,8
2005-09-24,09 23 25 26 40 48,9
2005-09-28,11 25 28 32 37 44,7
2005-10-01,09 14 20 37 44 47,0
2005-10-05,11 19 23 30 36 47,0
2005-10-08,05 06 14 25 43 49,8
2005-10-12,02 03 10 35 36 41,7
2005-10-15,03 09 15 36 40 43,8
2005-10-19,01 23 24 26 30 35,3
2005-10-22,04 09 11 26 31 47,2
2005-10-26,09 19 21 24 34 35,7
2005-10-29,02 05 11 18 30 31,4
2005-11-02,13 14 16 17 25 27,0
2005-11-05,05 07 29 40 46 47,1
2005-11-09,04 19 26 30 46 47,0
2005-11-12,12 16 28 33 36 40,8
2005-11-16,02 16 17 23 27 38,0
2005-11-19,01 04 30 38 40 49,7
2005-11-23,15 18 24 45 47 49,4
2005-11-26,05 12 21 32 34 40,4
2005-11-30,20 22 25 35 40 46,2
2005-12-03,02 06 17 36 47 49,3
2005-12-07,07 28 29 34 35 47,0
2005-12-10,02 07 28 30 33 46,6
2005-12-14,16 25 39 40 41 49,7
2005-12-17,03 09 10 22 41 42,8
2005-12-21,09 18 24 26 30 34,1
2005-12-24,08 19 24 30 36 38,0
2005-12-28,07 11 36 40 41 49,7
2005-12-31,13 21 35 36 42 44,3
2006-01-04,05 11 12 13 20 41,7
2006-01-07,03 17 19 21 26 31,5
2006-01-11,01 04 05 16 19 26,3
2006-01-14,10 14 19 27 31 39,0
2006-01-18,12 13 14 18 27 44,7
2006-01-21,06 17 20 27 35 39,4
2006-01-25,04 13 17 23 36 49,0
2006-01-28,05 33 37 38 40 49,3
2006-02-01,07 13 22 23 35 38,6
2006-02-04,26 27 28 35 39 43,4
2006-02-08,01 05 06 12 29 34,1
2006-02-11,01 10 14 26 45 49,8
2006-02-15,11 17 19 20 26 30,3
2006-02-18,04 05 06 18 21 40,7
2006-02-22,06 07 14 15 30 48,5
2006-02-25,09 10 17 18 21 36,5
2006-03-01,02 19 22 37 41 48,9
2006-03-04,07 11 17 23 36 37,5
2006-03-08,04 09 15 19 30 33,8
2006-03-11,03 09 12 36 46 48,8
2006-03-15,01 03 09 10 14 38,2
2006-03-18,05 09 17 38 43 47,3
2006-03-22,03 04 09 19 24 40,3
2006-03-25,03 10 12 21 28 32,3
2006-03-29,03 10 16 17 26 30,3
2006-04-01,04 06 21 25 35 39,3
2006-04-05,09 21 27 30 32 46,1
2006-04-08,03 10 17 25 44 46,7
2006-04-12,15 20 23 46 47 48,9
2006-04-15,02 04 05 08 18 40,7
2006-04-19,11 13 18 32 41 47,4
2006-04-22,03 09 24 35 39 44,5
2006-04-26,12 16 17 31 34 43,7
2006-04-29,12 22 25 37 38 48,1
2006-05-03,05 10 18 23 35 44,7
2006-05-06,05 15 26 28 31 37,8
2006-05-10,06 24 33 35 39 47,4
2006-05-13,09 12 26 27 40 45,1
2006-05-17,01 22 31 35 40 45,3
2006-05-20,10 19 25 40 42 49,7
2006-05-24,02 17 21 31 45 47,8
2006-05-27,14 22 29 30 35 43,4
2006-05-31,11 26 33 45 48 49,4
2006-06-03,01 03 10 17 24 49,8
2006-06-07,01 07 23 29 34 45,4
2006-06-10,13 19 20 25 29 44,3
2006-06-14,05 07 12 17 29 45,4
2006-06-17,10 31 40 41 45 49,9
2006-06-21,18 19 34 43 45 48,3
2006-06-24,05 13 22 30 47 48,3
2006-06-28,04 06 08 14 41 42,1
2006-07-01,06 12 18 25 27 35,3
2006-07-05,07 10 19 32 34 41,9
2006-07-08,09 24 28 30 31 49,6
2006-07-12,06 22 27 34 35 43,5
2006-07-15,05 25 28 30 40 41,0
2006-07-19,05 25 31 44 46 47,0
2006-07-22,03 05 25 31 37 41,8
2006-07-26,04 11 18 20 30 49,5
2006-07-29,13 17 21 25 34 48,0
2006-08-02,16 20 23 28 40 43,1
2006-08-05,01 07 09 12 43 46,6
2006-08-09,04 29 30 33 36 39,5
2006-08-12,01 05 14 32 42 48,2
2006-08-16,02 19 30 32 41 48,2
2006-08-19,04 05 08 24 33 43,4
2006-08-23,02 09 12 28 30 38,0
2006-08-26,01 04 20 24 25 39,8
2006-08-30,21 22 25 37 45 48,1
2006-09-02,06 34 36 38 46 48,0
2006-09-06,03 05 25 38 39 40,2
2006-09-09,02 13 23 42 43 47,1
2006-09-13,10 14 17 22 31 39,5
2006-09-16,05 07 09 16 17 47,5
2006-09-20,01 03 15 22 24 36,3
2006-09-23,03 14 31 35 38 48,3
2006-09-27,13 20 27 33 38 45,6
2006-09-30,10 17 27 35 42 46,2
2006-10-04,06 08 12 33 38 42,6
2006-10-07,28 30 31 34 41 48,4
2006-10-11,19 26 30 40 43 45,4
2006-10-14,06 07 30 33 34 39,6
2006-10-18,01 08 25 36 37 40,3
2006-10-21,01 17 21 24 39 47,8
2006-10-25,11 12 30 32 33 46,3
2006-10-28,01 07 30 44 48 49,0
2006-11-01,10 14 23 40 42 48,0
2006-11-04,06 14 28 31 39 46,2
2006-11-08,06 10 15 20 27 37,3
2006-11-11,01 13 19 28 47 49,4
2006-11-15,02 07 21 26 27 49,6
2006-11-18,01 02 08 28 38 43,4
2006-11-22,12 22 29 33 34 42,4
2006-11-25,27 33 34 41 42 49,9
2006-11-29,02 13 20 28 42 45,6
2006-12-02,04 09 17 42 44 45,2
2006-12-06,02 03 06 23 35 39,2
2006-12-09,07 12 24 26 33 34,7
2006-12-13,05 06 18 20 22 45,8
2006-12-16,04 19 23 31 48 49,0
2006-12-20,04 10 29 44 46 49,5
2006-12-23,03 11 16 36 38 41,3
2006-12-27,09 13 15 26 38 43,3
2006-12-30,01 16 23 39 44 47,9
2007-01-03,02 04 30 35 36 45,1
2007-01-06,05 10 11 35 38 39,2
2007-01-10,04 06 27 36 37 40,4
2007-01-13,08 19 29 38 41 47,9
2007-01-17,09 12 14 27 32 46,9
2007-01-20,19 27 28 33 36 38,9
2007-01-24,08 10 11 33 34 42,7
2007-01-27,15 18 27 40 44 45,1
2007-01-31,03 08 10 20 26 44,2
2007-02-03,05 18 21 27 34 36,7
2007-02-07,06 07 11 16 23 48,1
2007-02-10,04 16 20 26 32 38,4
2007-02-14,07 08 24 33 44 45,8
2007-02-17,01 14 31 34 39 49,2
2007-02-21,13 14 23 38 41 43,8
2007-02-24,08 11 13 14 33 36,4
2007-02-28,13 14 26 28 31 43,8
2007-03-03,04 07 16 23 26 29,9
2007-03-07,09 17 19 24 43 49,7
2007-03-10,05 18 23 30 42 49,0
2007-03-14,03 05 15 22 24 37,5
2007-03-17,06 09 10 11 22 26,2
2007-03-21,02 03 06 11 31 33,7
2007-03-24,01 24 25 28 29 32,4
2007-03-28,03 11 15 26 27 41,0
2007-03-31,02 15 28 31 33 35,8
2007-04-04,03 05 07 21 31 43,4
2007-04-07,06 08 17 29 33 49,9
2007-04-11,07 10 15 17 22 47,0
2007-04-14,34 37 41 44 45 49,5
2007-04-18,14 22 31 37 39 45,6
2007-04-21,01 03 06 13 19 46,6
2007-04-25,07 13 34 36 42 43,5
2007-04-28,08 15 19 30 37 39,5
2007-05-02,22 23 30 34 40 48,5
2007-05-05,13 15 20 32 37 49,1
2007-05-09,08 15 22 44 46 47,0
2007-05-12,17 21 22 28 31 42,7
2007-05-16,10 12 16 23 40 42,2
2007-05-19,04 07 09 21 29 34,7
2007-05-23,09 10 19 20 31 45,8
2007-05-26,01 17 25 26 41 42,7
2007-05-30,14 18 23 27 34 39,2
2007-06-02,13 18 24 28 31 44,1
2007-06-06,04 12 25 29 44 45,0
2007-06-09,19 22 23 31 32 42,1
2007-06-13,03 06 16 23 38 45,6
2007-06-16,02 18 26 34 39 49,0
2007-06-20,03 07 11 12 17 39,8
2007-06-23,10 25 29 33 36 41,3
2007-06-27,03 04 08 10 17 34,1
2007-06-30,01 02 05 16 31 36,9
2007-07-04,16 20 21 24 30 38,3
2007-07-07,08 11 23 25 27 34,7
2007-07-11,06 15 28 46 47 49,8
2007-07-14,03 09 10 11 23 33,5
2007-07-18,04 20 24 27 36 39,5
2007-07-21,04 14 20 29 36 44,5
2007-07-25,13 20 23 26 35 43,6
2007-07-28,06 08 14 18 28 33,9
2007-08-01,07 14 17 33 40 42,5
2007-08-04,04 07 20 30 32 43,8
2007-08-08,07 13 17 24 37 44,3
2007-08-11,04 06 11 17 19 42,1
2007-08-15,01 13 27 28 31 37,7
2007-08-18,01 08 11 23 24 45,5
2007-08-22,14 31 33 38 39 49,4
2007-08-25,11 22 30 44 48 49,4
2007-08-29,02 07 16 20 31 43,5
2007-09-01,08 26 33 41 43 45,6
2007-09-05,01 09 24 30 31 48,4
2007-09-08,02 14 26 27 31 34,4
2007-09-12,01 28 31 36 38 49,6
2007-09-15,01 21 27 28 36 49,0
2007-09-19,06 14 28 32 34 40,0
2007-09-22,03 06 11 34 36 41,2
2007-09-26,11 15 31 34 39 43,7
2007-09-29,09 20 22 27 29 40,0
2007-10-03,02 14 33 42 48 49,9
2007-10-06,03 06 12 25 26 45,2
2007-10-10,13 15 25 29 34 36,7
2007-10-13,03 09 10 24 41 47,1
2007-10-17,22 26 34 42 43 46,9
2007-10-20,17 28 34 36 37 49,4
2007-10-24,07 14 15 20 23 46,2
2007-10-27,03 04 08 12 16 47,7
2007-10-31,06 22 29 34 46 49,6
2007-11-03,02 11 13 15 21 41,8
2007-11-07,06 10 18 28 33 38,8
2007-11-10,01 03 05 12 15 41,4
2007-11-14,02 08 27 45 47 48,5
2007-11-17,01 09 15 26 30 42,1
2007-11-21,25 34 40 41 43 47,8
2007-11-24,13 14 39 42 45 49,4
2007-11-28,07 08 10 16 40 49,0
2007-12-01,12 21 23 29 35 41,0
2007-12-05,09 10 24 28 39 42,3
2007-12-08,01 02 19 24 25 47,0
2007-12-12,10 13 23 34 44 46,1
2007-12-15,03 13 18 26 37 49,6
2007-12-19,03 07 29 32 37 45,0
2007-12-22,09 10 33 34 41 45,9
2007-12-26,12 13 17 20 31 37,2
2007-12-29,02 12 23 26 28 42,5
2008-01-02,02 07 10 27 30 49,2
2008-01-05,09 10 17 33 37 45,7
2008-01-09,26 28 30 38 40 41,2
2008-01-12,03 04 10 11 45 47,7
2008-01-16,08 16 19 27 47 48,0
2008-01-19,07 20 22 23 30 31,2
2008-01-23,10 11 15 16 28 37,1
2008-01-26,04 06 10 20 26 37,8
2008-01-30,06 07 12 27 46 48,8
2008-02-02,06 09 14 27 28 39,2
2008-02-06,04 06 25 26 41 49,9
2008-02-09,01 10 13 25 27 45,2
2008-02-13,01 07 20 25 33 42,0
2008-02-16,06 07 11 22 43 44,6
2008-02-20,01 18 22 23 37 42,7
2008-02-23,01 12 13 39 40 44,7
2008-02-27,09 18 21 34 36 39,0
2008-03-01,04 05 19 20 22 39,2
2008-03-05,06 12 16 18 34 44,7
2008-03-08,06 09 12 22 35 37,8
2008-03-12,02 09 22 24 37 44,8
2008-03-15,05 07 26 33 40 42,6
2008-03-19,04 21 22 34 43 48,4
2008-03-22,06 11 31 34 42 43,5
2008-03-26,10 17 28 29 34 36,4
2008-03-29,10 21 23 29 31 37,8
2008-04-02,01 14 31 33 36 48,2
2008-04-05,03 05 09 27 34 48,1
2008-04-09,02 08 27 31 35 42,4
2008-04-12,05 22 23 34 41 42,2
2008-04-16,09 10 11 28 40 46,1
2008-04-19,10 13 23 24 38 48,7
2008-04-23,02 08 26 32 35 39,9
2008-04-26,03 08 14 25 33 43,3
2008-04-30,04 05 37 39 40 45,3
2008-05-03,08 10 20 29 30 44,7
2008-05-07,16 24 30 31 36 49,9
2008-05-10,09 11 12 23 24 31,2
2008-05-14,08 13 18 29 38 41,1
2008-05-17,08 20 22 25 34 35,7
2008-05-21,02 10 16 21 45 48,0
2008-05-24,02 06 09 34 37 46,5
2008-05-28,03 09 24 31 32 34,6
2008-05-31,07 12 17 22 27 41,6
2008-06-04,07 08 27 30 43 47,4
2008-06-07,07 17 19 20 42 47,4
2008-06-11,16 24 31 41 44 47,2
2008-06-14,21 24 30 32 36 44,1
2008-06-18,03 04 32 39 40 43,5
2008-06-21,02 15 30 32 43 45,5
2008-06-25,13 20 30 32 37 47,4
2008-06-28,05 07 09 21 30 46,6
2008-07-02,01 09 12 22 23 27,6
2008-07-05,06 07 11 15 42 49,2
2008-07-09,09 11 12 21 34 44,4
2008-07-12,02 04 10 22 27 40,7
2008-07-16,15 17 24 27 32 37,2
2008-07-19,08 15 20 38 41 43,0
2008-07-23,02 15 22 25 38 42,4
2008-07-26,10 12 15 44 47 49,4
2008-07-30,04 23 25 29 36 45,0
2008-08-02,01 04 16 34 35 46,5
2008-08-06,04 17 22 28 29 40,3
2008-08-09,16 26 30 37 38 42,1
2008-08-13,04 14 26 32 41 45,2
2008-08-16,01 08 19 22 36 42,1
2008-08-20,15 16 19 28 36 40,7
2008-08-23,04 10 20 26 28 43,7
2008-08-27,15 18 20 29 31 33,9
2008-08-30,08 11 20 21 36 48,4
2008-09-03,03 07 08 38 43 45,2
2008-09-06,14 15 20 26 35 49,1
2008-09-10,02 10 23 24 32 34,2
2008-09-13,02 03 22 27 38 48,4
2008-09-17,07 08 17 35 36 47,0
2008-09-20,04 06 07 28 34 43,6
2008-09-24,03 21 28 39 45 47,4
2008-09-27,11 27 28 29 37 39,7
2008-10-01,09 11 20 31 35 42,2
2008-10-04,04 11 12 16 21 43,1
2008-10-08,05 09 11 13 30 39,3
2008-10-11,02 05 13 18 22 29,3
2008-10-15,04 14 26 34 35 47,8
2008-10-18,01 10 21 25 35 36,9
2008-10-22,13 15 17 18 20 31,5
2008-10-25,01 24 34 43 46 47,3
2008-10-29,04 21 26 31 42 45,8
2008-11-01,06 25 26 27 28 43,3
2008-11-05,02 03 04 12 44 49,2
2008-11-08,04 09 16 25 33 42,8
2008-11-12,05 16 20 33 41 48,6
2008-11-15,03 23 31 39 41 48,5
2008-11-19,04 14 17 32 36 44,3
2008-11-22,11 12 23 35 41 42,7
2008-11-26,02 23 25 32 43 49,4
2008-11-29,07 09 12 19 22 43,5
2008-12-03,08 15 16 33 44 47,3
2008-12-06,05 07 15 23 24 32,8
2008-12-10,12 14 15 17 31 38,4
2008-12-13,06 13 18 22 44 45,8
2008-12-17,01 12 16 24 32 49,8
2008-12-20,04 11 19 28 46 48,9
2008-12-24,01 22 39 42 43 47,2
2008-12-27,03 11 13 16 24 31,0
2008-12-31,06 24 29 30 36 49,2
2009-01-03,06 10 14 21 40 46,0
2009-01-07,03 06 20 23 26 37,7
2009-01-10,06 17 18 37 41 49,4
2009-01-14,01 07 09 22 29 32,1
2009-01-17,04 12 32 38 42 46,1
2009-01-21,05 07 08 10 38 40,0
2009-01-24,02 12 14 16 36 46,0
2009-01-28,01 03 15 24 38 47,0
2009-01-31,07 09 11 14 17 31,2
2009-02-04,02 05 10 21 42 46,1
2009-02-07,02 13 15 35 39 48,3
2009-02-11,13 22 39 41 42 43,7
2009-02-14,17 28 29 40 42 47,2
2009-02-18,15 19 39 43 48 49,3
2009-02-21,03 14 18 29 31 41,7
2009-02-25,02 07 10 22 34 43,1
2009-02-28,01 15 20 21 22 33,6
2009-03-04,06 28 31 38 42 44,4
2009-03-07,07 26 33 37 38 44,8
2009-03-11,08 13 32 39 47 48,5
2009-03-14,05 08 26 44 45 49,4
2009-03-18,04 17 29 37 42 47,5
2009-03-21,10 13 21 23 34 38,5
2009-03-25,14 25 31 32 41 49,8
2009-03-28,03 04 41 44 47 49,0
2009-04-01,03 13 17 21 32 33,8
2009-04-04,01 02 11 22 26 36,4
2009-04-08,05 12 19 28 29 37,1
2009-04-11,02 03 07 17 37 38,4
2009-04-15,02 04 09 20 42 48,5
2009-04-18,02 05 10 20 25 42,7
2009-04-22,06 11 24 31 32 45,7
2009-04-25,06 11 18 19 35 43,0
2009-04-29,07 10 14 15 40 41,9
2009-05-02,02 13 17 18 26 41,0
2009-05-06,01 02 07 41 44 45,3
2009-05-09,08 22 24 30 36 40,8
2009-05-13,16 25 34 41 45 47,5
2009-05-16,15 32 35 36 42 47,8
2009-05-20,06 08 27 28 31 47,5
2009-05-23,13 14 20 28 29 33,9
2009-05-27,09 11 16 19 42 44,4
2009-05-30,17 18 21 35 36 43,9
2009-06-03,03 09 15 18 21 33,7
2009-06-06,03 10 13 23 27 35,2
2009-06-10,11 23 28 32 35 36,3
2009-06-13,04 06 38 42 46 48,7
2009-06-17,07 10 29 40 42 43,4
2009-06-20,18 26 35 37 41 46,7
2009-06-24,09 19 32 36 37 39,3
2009-06-27,03 14 37 38 45 47,1
2009-07-01,02 11 18 26 32 49,5
2009-07-04,11 15 30 31 32 39,1
2009-07-08,04 05 31 36 40 43,6
2009-07-11,01 03 12 14 27 43,0
2009-07-15,02 06 14 25 38 43,0
2009-07-18,01 02 05 09 30 45,5
2009-07-22,03 08 19 32 40 43,6
2009-07-25,06 11 23 24 31 35,0
2009-07-29,09 10 13 20 32 37,3
2009-08-01,02 16 30 35 44 46,8
2009-08-05,04 13 15 19 36 39,5
2009-08-08,09 19 32 34 38 41,2
2009-08-12,08 15 24 28 37 40,0
2009-08-15,03 05 08 23 34 42,5
2009-08-19,22 32 35 39 43 44,9
2009-08-22,08 12 14 17 22 25,9
2009-08-26,15 22 23 26 33 43,6
2009-08-29,13 23 24 35 36 44,6
2009-09-02,07 08 29 30 34 39,4
2009-09-05,04 12 24 25 26 45,8
2009-09-09,12 16 22 29 34 43,1
2009-09-12,05 19 23 34 40 41,8
2009-09-16,05 22 27 31 32 49,3
2009-09-19,11 14 17 22 33 39,0
2009-09-23,03 04 23 30 43 44,6
2009-09-26,08 09 25 33 39 45,4
2009-09-30,20 22 30 31 37 41,6
2009-10-03,11 16 19 27 34 36,4
2009-10-07,10 28 34 38 45 48,0
2009-10-10,15 16 20 24 27 40,8
2009-10-14,10 22 23 41 43 47,8
2009-10-17,24 31 39 43 44 45,4
2009-10-21,10 16 25 40 42 44,4
2009-10-24,05 18 22 24 39 48,1
2009-10-28,16 39 42 43 45 48,5
2009-10-31,07 13 21 22 25 33,7
2009-11-04,02 04 06 08 14 28,5
2009-11-07,01 09 27 28 34 37,8
2009-11-11,10 11 19 32 42 46,5
2009-11-14,01 03 10 11 25 44,8
2009-11-18,06 08 16 23 25 44,2
2009-11-21,04 08 14 24 44 47,1
2009-11-25,10 12 18 24 43 44,3
2009-11-28,24 30 33 34 36 45,6
2009-12-02,12 17 24 30 31 32,9
2009-12-05,06 07 08 16 29 42,8
2009-12-09,01 05 13 22 26 29,1
2009-12-12,04 18 22 26 38 49,5
2009-12-16,02 08 11 18 19 38,4
2009-12-19,07 14 15 18 29 47,3
2009-12-23,02 05 28 36 44 48,8
2009-12-26,07 11 16 24 39 49,8
2009-12-30,10 16 22 25 37 40,5
2010-01-02,03 06 30 31 32 43,2
2010-01-06,02 14 17 20 24 48,1
2010-01-09,02 22 24 33 37 46,9
2010-01-13,02 13 34 38 40 43,8
2010-01-16,06 07 12 17 18 34,4
2010-01-20,09 11 15 28 46 47,9
2010-01-23,14 16 21 28 31 39,5
2010-01-27,05 07 10 39 43 46,5
2010-01-30,11 13 17 34 46 49,7
2010-02-03,04 08 10 16 37 43,6
2010-02-06,10 15 22 34 41 49,2
2010-02-10,06 09 12 29 44 49,7
2010-02-13,05 11 15 20 36 48,2
2010-02-17,17 22 31 35 38 44,5
2010-02-20,02 10 20 24 25 47,3
2010-02-24,03 06 12 22 25 41,2
2010-02-27,04 06 26 30 33 45,7
2010-03-03,03 09 17 37 45 47,1
2010-03-06,13 18 27 35 38 39,2
2010-03-10,16 18 27 45 46 49,7
2010-03-13,10 15 23 24 27 35,9
2010-03-17,19 20 23 25 30 34,0
2010-03-20,06 20 21 22 24 30,0
2010-03-24,09 15 19 25 40 47,7
2010-03-27,04 10 14 36 45 49,8
2010-03-31,14 25 41 46 47 49,3
2010-04-03,12 13 24 32 40 48,8
2010-04-07,14 18 24 26 32 35,2
2010-04-10,02 03 08 34 37 47,9
2010-04-14,05 13 18 35 37 42,1
2010-04-17,10 11 16 17 35 38,1
2010-04-21,05 13 23 33 40 41,7
2010-04-24,07 12 26 29 45 46,1
2010-04-28,03 19 26 30 39 40,1
2010-05-01,10 16 19 20 37 49,4
2010-05-05,11 12 17 19 36 44,7
2010-05-08,16 31 36 39 40 49,8
2010-05-12,01 20 24 26 27 40,4
2010-05-15,05 10 11 35 36 41,5
2010-05-19,19 25 30 34 37 42,1
2010-05-22,12 13 19 39 43 49,9
2010-05-26,06 11 16 39 41 49,9
2010-05-29,17 20 26 33 46 47,1
2010-06-02,09 18 20 23 32 34,0
2010-06-05,05 21 28 32 43 46,8
2010-06-09,14 25 29 33 37 42,3
2010-06-12,04 09 17 20 25 35,4
2010-06-16,07 27 28 29 34 40,0
2010-06-19,13 14 21 22 41 42,6
2010-06-23,01 18 23 25 44 48,5
2010-06-26,25 33 39 41 48 49,3
2010-06-30,02 07 13 14 33 36,6
2010-07-03,01 13 27 45 46 47,8
2010-07-07,06 17 28 32 35 42,6
2010-07-10,02 03 07 17 19 42,6
2010-07-14,10 11 20 23 28 42,6
2010-07-17,07 11 20 29 36 49,7
2010-07-21,17 20 22 28 31 43,1
2010-07-24,04 15 21 24 37 43,1
2010-07-28,16 20 33 34 40 46,1
2010-07-31,22 24 25 34 46 49,7
2010-08-04,13 28 30 31 33 46,4
2010-08-07,06 20 29 32 33 44,2
2010-08-11,03 06 07 13 17 33,2
2010-08-14,04 08 14 30 32 43,5
2010-08-18,02 09 14 16 37 47,8
2010-08-21,05 15 18 22 26 30,4
2010-08-25,09 28 36 43 44 49,7
2010-08-28,04 06 22 31 35 40,7
2010-09-01,04 11 16 19 29 36,9
2010-09-04,03 06 19 25 35 48,3
2010-09-08,05 11 12 13 32 40,9
2010-09-11,26 28 39 41 43 48,8
2010-09-15,01 29 31 32 41 43,4
2010-09-18,04 24 29 30 35 37,3
2010-09-22,02 04 05 09 12 17,7
2010-09-25,01 02 04 12 25 46,1
2010-09-29,04 09 16 23 32 41,7
2010-10-02,05 15 17 27 28 29,2
2010-10-06,02 03 11 19 30 43,3
2010-10-09,11 12 15 19 21 22,9
2010-10-13,03 16 21 32 33 40,5
2010-10-16,08 13 19 33 45 47,7
2010-10-20,01 07 15 19 22 33,0
2010-10-23,08 09 23 29 34 43,8
2010-10-27,12 13 18 25 28 44,3
2010-10-30,11 12 15 30 39 49,2
2010-11-03,01 05 09 39 45 47,0
2010-11-06,04 14 17 18 33 34,3
2010-11-10,08 11 12 21 22 49,0
2010-11-13,08 13 17 19 24 43,8
2010-11-17,01 16 18 24 28 47,8
2010-11-20,04 17 29 32 33 34,5
2010-11-24,05 08 26 33 35 46,1
2010-11-27,01 04 08 10 35 45,7
2010-12-01,15 20 25 32 39 41,2
2010-12-04,13 18 24 37 41 48,2
2010-12-08,02 07 14 16 18 26,5
2010-12-11,05 07 16 27 31 43,0
2010-12-15,03 09 14 28 43 45,0
2010-12-18,04 16 21 39 40 42,3
2010-12-22,06 18 26 35 36 45,4
2010-12-25,02 09 10 11 29 46,7
2010-12-29,14 15 20 37 42 48,2
2011-01-01,02 14 18 26 35 36,1
2011-01-05,24 29 36 42 46 49,7
2011-01-08,23 26 27 32 33 41,5
2011-01-12,02 08 12 22 23 28,2
2011-01-15,12 13 21 26 33 38,3
2011-01-19,05 06 08 29 34 35,1
2011-01-22,03 07 14 19 23 35,5
2011-01-26,06 22 23 28 34 37,4
2011-01-29,08 11 21 30 35 45,7
2011-02-02,06 15 17 22 34 46,4
2011-02-05,09 11 24 34 35 41,8
2011-02-09,13 14 23 39 41 46,3
2011-02-12,01 02 05 24 31 32,4
2011-02-16,03 08 11 25 30 46,0
2011-02-19,12 14 16 33 42 47,5
2011-02-23,06 16 22 27 39 40,1
2011-02-26,18 19 32 38 47 49,6
2011-03-02,04 09 36 38 42 48,0
2011-03-05,07 13 15 28 33 39,5
2011-03-09,06 13 14 27 41 48,9
2011-03-12,09 15 19 31 38 43,9
2011-03-16,05 18 20 35 41 48,4
2011-03-19,10 11 16 21 41 46,6
2011-03-23,05 11 16 34 40 42,4
2011-03-26,17 19 20 25 28 37,7
2011-03-30,13 18 23 31 32 37,7
2011-04-02,01 16 25 29 33 47,5
2011-04-06,09 14 19 27 31 39,0
2011-04-09,12 26 32 39 44 47,8
2011-04-13,06 09 16 23 26 47,5
2011-04-16,03 04 17 19 35 49,3
2011-04-20,13 20 36 39 40 44,9
2011-04-23,06 16 18 22 29 41,2
2011-04-27,16 21 32 33 42 46,7
2011-04-30,10 12 19 29 33 34,0
2011-05-04,06 14 22 30 36 40,1
2011-05-07,05 12 23 29 34 41,2
2011-05-11,08 26 28 29 31 35,5
2011-05-14,01 09 10 11 20 31,3
2011-05-18,03 13 27 30 33 41,1
2011-05-21,13 24 28 36 45 49,0
2011-05-25,01 08 26 27 35 38,6
2011-05-28,04 17 19 29 34 46,6
2011-06-01,10 11 13 20 22 41,9
2011-06-04,17 22 34 37 38 46,5
2011-06-08,04 15 24 31 38 49,5
2011-06-11,08 16 18 28 34 46,9
2011-06-15,06 21 22 23 32 44,3
2011-06-18,06 14 21 24 25 41,6
2011-06-22,01 04 24 29 34 37,4
2011-06-25,03 04 20 28 37 42,1
2011-06-29,08 10 22 30 36 45,7
2011-07-02,07 10 16 19 22 40,8
2011-07-06,06 11 14 27 32 38,2
2011-07-09,09 11 18 23 36 45,2
2011-07-13,01 25 26 30 39 47,1
2011-07-16,03 14 15 22 27 38,6
2011-07-20,07 11 19 23 42 49,3
2011-07-23,08 12 18 20 24 33,0
2011-07-27,11 12 16 26 32 35,8
2011-07-30,08 11 21 40 42 44,5
2011-08-03,04 08 33 40 41 43,6
2011-08-06,09 11 33 36 41 49,5
2011-08-10,08 12 16 22 23 26,5
2011-08-13,13 14 21 29 31 34,2
2011-08-17,01 11 16 18 20 25,6
2011-08-20,02 07 22 31 32 41,6
2011-08-24,19 28 31 33 36 41,6
2011-08-27,27 29 40 43 44 49,0
2011-08-31,15 17 26 29 32 47,7
2011-09-03,02 08 17 31 36 42,2
2011-09-07,04 10 23 27 28 39,1
2011-09-10,06 09 10 16 28 43,0
2011-09-14,04 05 23 32 39 44,7
2011-09-17,12 23 38 42 46 49,1
2011-09-21,10 24 27 31 41 46,5
2011-09-24,03 05 06 18 24 42,3
2011-09-28,10 14 18 27 38 43,5
2011-10-01,09 13 17 21 29 47,1
2011-10-05,01 02 15 33 43 45,8
2011-10-08,24 25 29 31 34 47,0
2011-10-12,08 10 28 40 43 46,7
2011-10-15,02 05 16 18 37 39,5
2011-10-19,08 10 15 25 31 34,4
2011-10-22,06 07 08 26 34 35,5
2011-10-26,15 30 33 34 37 38,5
2011-10-29,06 17 23 24 35 44,7
2011-11-02,03 06 23 40 41 43,4
2011-11-05,07 13 21 37 41 43,0
2011-11-09,06 14 20 27 28 48,7
2011-11-12,07 12 15 16 30 42,9
2011-11-16,08 14 26 33 47 49,4
2011-11-19,09 24 26 33 40 47,5
2011-11-23,01 10 23 30 38 39,4
2011-11-26,03 13 23 33 38 49,5
2011-11-30,04 12 18 31 42 44,1
2011-12-03,01 10 25 29 44 47,7
2011-12-07,11 16 20 27 32 38,7
2011-12-10,02 04 05 10 25 34,7
2011-12-14,08 14 29 32 36 37,9
2011-12-17,03 19 33 38 44 47,6
2011-12-21,15 17 21 24 39 43,1
2011-12-24,06 12 26 27 32 36,9
2011-12-28,06 13 18 19 20 21,5
2011-12-31,02 05 11 17 19 28,1
2012-01-04,03 18 24 29 36 46,1
2012-01-07,22 24 29 33 37 47,2
2012-01-11,08 11 15 34 36 47,5
2012-01-14,01 06 07 11 20 32,8
2012-01-18,06 07 13 18 32 33,0
2012-01-21,26 27 43 45 46 49,4
2012-01-25,01 04 06 24 33 47,7
2012-01-28,01 16 19 27 37 48,4
2012-02-01,03 06 07 18 37 39,1
2012-02-04,10 15 24 27 40 45,5
2012-02-08,08 13 24 34 45 47,5
2012-02-11,02 11 32 34 48 49,1
2012-02-15,15 29 35 36 40 41,2
2012-02-18,03 13 25 27 40 47,5
2012-02-22,04 12 14 19 24 48,7
2012-02-25,07 11 14 16 43 48,1
2012-02-29,06 11 25 32 35 43,5
2012-03-03,04 22 24 33 40 48,9
2012-03-07,25 29 33 38 47 49,5
2012-03-10,01 10 15 21 26 35,1
2012-03-14,03 08 09 13 22 49,9
2012-03-17,03 07 23 33 42 43,2
2012-03-21,04 14 26 34 38 49,6
2012-03-24,22 35 37 39 43 49,7
2012-03-28,02 17 22 23 39 42,6
2012-03-31,01 25 26 27 40 43,5
2012-04-04,19 23 29 37 42 46,8
2012-04-07,02 10 12 15 35 44,7
2012-04-11,02 04 06 07 16 44,9
2012-04-14,26 29 37 39 42 48,8
2012-04-18,06 08 21 33 34 35,5
2012-04-21,06 07 19 20 24 41,5
2012-04-25,03 23 26 40 42 46,7
2012-04-28,11 17 20 33 37 47,0
2012-05-02,04 14 15 17 20 35,4
2012-05-05,05 08 14 28 31 48,5
2012-05-09,15 16 17 20 40 45,8
2012-05-12,13 18 30 31 34 36,9
2012-05-16,16 24 41 44 45 46,5
2012-05-19,20 34 36 42 43 47,5
2012-05-23,01 23 26 31 36 42,7
2012-05-26,05 11 15 34 44 48,4
2012-05-30,02 10 21 23 44 45,9
2012-06-02,09 13 26 30 37 41,4
2012-06-06,01 09 17 27 38 42,8
2012-06-09,10 15 17 22 28 31,9
2012-06-13,01 29 32 33 40 46,6
2012-06-16,01 17 28 33 46 48,8
2012-06-20,03 06 17 22 24 28,0
2012-06-23,11 13 19 27 33 39,4
2012-06-27,02 05 15 31 37 43,1
2012-06-30,07 08 20 22 30 41,4
2012-07-04,03 06 12 25 33 49,6
2012-07-07,06 10 29 30 43 49,2
2012-07-11,11 16 21 29 32 43,1
2012-07-14,06 09 10 22 29 33,0
2012-07-18,20 21 23 29 34 47,9
2012-07-21,04 24 26 31 38 40,0
2012-07-25,02 08 13 25 44 45,7
2012-07-28,16 27 31 37 41 49,7
2012-08-01,19 26 32 41 43 44,0
2012-08-04,15 18 22 23 38 40,8
2012-08-08,12 13 22 41 43 49,4
2012-08-11,01 02 03 20 47 49,3
2012-08-15,01 12 14 15 34 37,4
2012-08-18,05 16 28 32 34 40,4
2012-08-22,01 07 11 15 31 49,6
2012-08-25,16 17 22 25 27 35,4
2012-08-29,22 29 35 38 40 45,3
2012-09-01,03 06 07 16 26 48,5
2012-09-05,04 07 18 24 37 44,4
2012-09-08,19 38 39 41 48 49,3
2012-09-12,08 19 26 36 39 49,7
2012-09-15,06 08 09 34 41 48,0
2012-09-19,01 11 16 20 31 44,4
2012-09-22,07 24 40 41 48 49,0
2012-09-26,10 12 14 29 40 47,7
2012-09-29,01 04 20 34 39 41,0
2012-10-03,13 28 35 46 48 49,4
2012-10-06,08 20 22 34 44 46,5
2012-10-10,13 15 28 38 43 48,3
2012-10-13,09 10 36 37 42 43,8
2012-10-17,05 10 12 14 46 47,6
2012-10-20,06 08 11 15 26 33,9
2012-10-24,06 14 18 33 39 44,5
2012-10-27,11 23 33 39 44 46,9
2012-10-31,03 08 13 30 34 49,5
2012-11-03,07 08 26 42 43 46,3
2012-11-07,02 06 21 31 46 47,1
2012-11-10,02 03 25 28 38 49,1
2012-11-14,02 09 11 17 34 45,0
2012-11-17,05 07 15 24 32 36,4
2012-11-21,01 09 10 24 27 29,2
2012-11-24,02 12 23 28 32 48,3
2012-11-28,11 21 26 40 42 45,4
2012-12-01,02 03 04 06 23 45,3
2012-12-05,20 23 24 27 36 38,7
2012-12-08,15 19 27 34 42 48,6
2012-12-12,01 08 10 11 15 33,5
2012-12-15,04 25 27 30 31 40,6
2012-12-19,25 27 32 36 40 43,5
2012-12-22,11 23 32 38 44 49,4
2012-12-26,03 10 13 34 36 43,2
2012-12-29,11 25 31 35 38 43,4
2015-12-23,13 18 21 32 34 47,8
2015-12-26,09 15 19 22 40 41,5
2015-12-30,08 14 17 26 27 45,4
2016-01-02,01 23 30 35 43 47,8
2017-01-04,05 13 21 37 39 48,2
2017-01-07,12 14 17 22 45 46,7
2017-01-11,20 27 29 32 34 38,1
2017-01-14,03 04 23 27 28 37,3
2017-01-18,10 11 13 28 39 40,1
2017-01-21,05 09 11 14 26 39,9
2017-01-25,01 02 14 17 25 49,5
2017-01-28,06 09 15 38 41 42,7
2017-02-01,03 13 19 21 25 42,9
2017-02-04,02 16 28 37 39 49,8
2017-02-08,14 22 28 30 41 46,6
2017-02-11,03 12 22 32 45 46,6
2017-02-15,07 13 18 33 36 39,4
2017-02-18,17 20 24 25 27 41,9
2017-02-22,01 05 07 25 42 46,3
2017-02-25,01 03 04 09 28 32,4
2017-03-01,12 22 29 30 31 38,4
2017-03-04,01 19 22 23 41 45,2
2017-03-08,03 07 16 26 28 35,6
2017-03-11,04 12 17 26 46 49,8
2017-03-15,07 15 16 25 26 40,1
2017-03-18,04 12 23 27 31 40,0
2017-03-22,04 15 18 21 22 38,6
2017-03-25,01 09 11 25 26 49,6
2017-03-29,09 21 24 25 28 47,2
2017-04-01,05 08 09 18 22 36,8
2017-04-05,01 06 07 22 41 49,2
2017-04-08,02 07 28 39 40 47,1
2017-04-12,10 11 14 24 26 48,5
2017-04-15,12 18 21 27 30 36,7
2017-04-19,19 23 27 30 41 48,0
2017-04-22,01 11 12 19 25 32,7
2017-04-26,25 31 34 37 39 42,3
2017-04-29,03 04 18 36 37 49,5
2017-05-03,04 05 12 18 20 33,8
2017-05-06,16 26 30 31 32 47,4
2017-05-10,09 18 26 38 39 42,8
2017-05-13,07 19 32 45 47 48,1
2017-05-17,01 02 23 26 36 43,3
2017-05-20,01 15 29 34 37 44,7
2017-05-24,06 13 19 25 26 44,3
2017-05-27,23 24 25 27 29 49,1
2017-05-31,09 17 24 27 36 48,7
2017-06-03,24 31 32 35 37 46,3
2017-06-07,06 17 18 28 33 37,4
2017-06-10,04 06 16 26 29 42,7
2017-06-14,29 30 32 33 36 44,1
2017-06-17,02 06 16 22 44 49,1
2017-06-21,04 06 07 39 41 44,4
2017-06-24,13 23 27 38 43 46,6
2017-06-28,13 17 29 38 41 42,4
2017-07-01,02 03 15 22 35 47,8
2017-07-05,07 33 34 39 40 47,0
2017-07-08,02 03 17 23 27 40,2
2017-07-12,18 22 30 36 44 49,7
2017-07-15,08 25 31 32 33 38,1
2017-07-19,17 19 21 27 36 41,1
2017-07-22,05 27 37 41 45 47,7
2017-07-26,12 15 18 26 27 33,0
2017-07-29,14 20 29 30 35 37,3
2017-08-02,21 22 23 34 36 49,5
2017-08-05,14 18 19 23 37 49,5
2017-08-09,01 10 18 39 41 49,7
2017-08-12,05 15 25 27 47 49,6
2017-08-16,06 09 29 36 38 49,3
2017-08-19,02 10 29 35 45 48,2
2017-08-23,16 23 25 28 32 49,6
2017-08-26,02 11 19 24 28 49,9
2017-08-30,05 07 09 21 29 34,3
2017-09-02,03 05 08 14 33 34,6
2017-09-06,12 16 19 28 33 48,3
2017-09-09,08 14 18 27 40 49,3
2017-09-13,11 16 17 18 30 40,6
2017-09-16,21 26 27 31 35 47,9
2017-09-20,03 09 28 30 36 46,3
2017-09-23,10 15 19 23 38 44,6
2017-09-27,17 20 25 31 33 37,6
2017-09-30,04 18 19 23 33 46,1
2017-10-04,11 15 16 17 19 45,4
2017-10-07,11 20 21 24 30 49,6
2017-10-11,03 06 17 20 21 42,7
2017-10-14,07 09 10 13 35 40,7
2017-10-18,04 07 10 11 13 38,4
2017-10-21,04 10 15 25 34 46,1
2017-10-25,01 18 29 32 36 42,8
2017-10-28,01 20 22 24 33 36,1
2017-11-01,03 08 15 18 21 31,9
2017-11-04,03 07 14 21 46 47,6
2017-11-08,07 14 24 37 38 43,7
2017-11-11,01 07 11 16 19 37,7
2017-11-15,06 23 35 40 45 46,5
2017-11-18,02 05 09 12 20 35,7
2017-11-22,24 28 29 32 34 48,9
2017-11-25,11 17 20 26 37 43,9
2017-11-29,09 16 25 28 30 32,8
2017-12-02,03 12 13 17 18 33,2
2017-12-06,11 18 19 29 35 43,9
2017-12-09,07 12 16 20 25 46,7
2017-12-13,02 03 09 14 17 27,0
2017-12-16,05 06 18 23 30 40,9
2017-12-20,08 13 35 38 39 44,4
2017-12-23,04 11 31 32 38 39,6
2017-12-27,17 19 31 37 45 46,0
2017-12-30,11 12 14 27 37 48,0
2018-01-03,10 15 31 34 35 45,8
2018-01-06,05 14 32 37 46 47,0
2018-01-10,03 22 24 25 43 45,6
2018-01-13,05 06 14 16 31 48,0
2018-01-17,03 13 25 27 32 48,2
2018-01-20,03 11 15 18 33 45,4
2018-01-24,03 05 18 31 37 45,7
2018-01-27,04 22 24 34 36 43,6
2018-01-31,03 06 08 26 29 38,8
2018-02-03,05 09 13 20 39 48,5
2018-02-07,15 20 25 28 33 41,5
2018-02-10,17 20 27 35 41 45,8
2018-02-14,06 16 20 22 23 24,6
2018-02-17,15 18 26 27 37 42,2
2018-02-21,03 06 08 29 40 47,7
2018-02-24,18 27 33 41 44 47,6
2018-02-28,06 15 32 36 43 47,6
2018-03-03,05 24 28 37 40 44,8
2018-03-07,05 24 28 30 35 42,1
2018-03-10,08 19 34 35 40 49,8
2018-03-14,13 18 30 38 45 48,7
2018-03-17,01 07 17 22 29 46,7
2018-03-21,20 26 29 38 43 48,0
2018-03-24,03 16 27 34 42 45,1
2018-03-28,01 23 25 31 38 47,7
2018-03-31,01 08 12 15 46 48,5
2018-04-04,13 23 28 30 33 46,7
2018-04-07,12 15 19 27 34 47,8
2018-04-11,09 20 25 27 44 48,5
2018-04-14,04 09 33 34 42 47,6
2018-04-18,02 04 07 10 35 37,8
2018-04-21,12 15 19 23 29 38,5
2018-04-25,04 06 10 11 17 25,6
2018-04-28,02 09 11 33 47 48,4
2018-05-02,03 05 12 19 42 44,7
2018-05-05,01 05 17 31 34 49,7
2018-05-09,03 09 25 31 37 43,5
2018-05-12,23 27 29 36 38 42,0
2018-05-16,02 12 13 19 34 46,9
2018-05-19,03 04 27 41 44 49,2
2018-05-23,07 16 29 36 45 47,6
2018-05-26,10 16 24 27 47 48,6
2018-05-30,15 23 29 35 38 48,2
2018-06-02,01 10 19 24 30 31,7
2018-06-06,03 08 13 15 18 42,6
2018-06-09,13 16 34 35 39 42,9
2018-06-13,03 04 06 10 46 48,3
2018-06-16,04 19 31 33 40 46,2
2018-06-20,06 22 31 33 36 43,5
2018-06-23,06 17 25 29 48 49,1
2018-06-27,13 17 35 37 45 46,3
2018-06-30,16 24 37 38 40 42,9
2018-07-04,01 05 10 25 32 37,8
2018-07-07,02 05 13 18 25 36,2
2018-07-11,01 03 18 28 42 44,5
2018-07-14,30 40 41 47 48 49,0
2018-07-18,05 14 19 22 33 41,1
2018-07-21,01 06 07 20 29 49,5
2018-07-25,08 09 39 40 41 43,9
2018-07-28,07 11 31 34 35 36,1
2018-08-01,02 22 25 32 45 46,2
2018-08-04,06 25 29 30 31 36,3
2018-08-08,08 11 18 26 40 49,0
2018-08-11,05 08 10 36 46 47,8
2018-08-15,06 13 18 24 29 31,9
2018-08-18,01 03 14 34 42 46,3
2018-08-22,06 07 15 16 26 32,0
2018-08-25,08 15 16 20 31 37,2
2018-08-29,03 17 21 22 24 39,9
2018-09-01,04 12 21 38 39 46,1
2018-09-05,03 09 13 15 37 46,4
2018-09-08,06 23 27 29 30 44,2
2018-09-12,07 13 24 28 31 32,6
2018-09-15,01 12 14 26 27 39,1
2018-09-19,03 05 08 19 30 47,0
2018-09-22,17 33 37 41 42 47,0
2018-09-26,10 18 25 36 38 44,3
2018-09-29,04 05 09 16 19 45,7
2018-10-03,03 09 29 30 33 39,9
2018-10-06,02 21 26 27 33 45,3
2018-10-10,01 14 18 32 37 45,0
2018-10-13,03 07 09 11 27 36,7
2018-10-17,07 09 20 24 35 36,2
2018-10-20,02 13 16 32 45 47,7
2018-10-24,05 13 24 32 37 41,7
2018-10-27,08 30 35 38 40 47,2
2018-10-31,04 06 13 16 22 40,5
2018-11-03,06 18 20 28 42 49,1
2018-11-07,04 15 31 37 41 42,4
2018-11-10,03 13 14 29 40 41,7
2018-11-14,04 09 22 27 31 41,9
2018-11-17,03 06 18 31 39 40,5
2018-11-21,18 24 29 30 42 47,7
2018-11-24,14 15 20 37 40 45,1
2018-11-28,23 26 28 31 48 49,0
2018-12-01,06 08 23 27 31 46,2
2018-12-05,13 29 36 47 48 49,5
2018-12-08,06 12 25 26 44 46,3
2018-12-12,03 07 20 33 34 48,6
2018-12-15,01 23 30 31 37 45,9
2018-12-19,04 12 19 32 34 41,4
2018-12-22,08 20 21 25 43 44,5
2018-12-26,02 16 22 30 36 43,4
2018-12-29,04 14 25 38 44 47,4
2019-01-02,05 13 15 17 19 36,4
2019-01-05,04 16 22 31 40 45,8
2019-01-09,07 08 14 22 29 44,7
2019-01-12,04 09 25 31 38 40,6
2019-01-16,05 06 12 13 31 35,4
2019-01-19,06 12 24 29 36 47,9
2019-01-23,06 07 33 35 37 42,3
2019-01-26,16 18 29 31 35 47,6
2019-01-30,07 13 19 22 23 36,6
2019-02-02,03 21 29 30 34 37,3
2019-02-06,05 10 21 22 33 36,5
2019-02-09,02 32 34 39 42 49,2
2019-02-13,05 11 23 31 42 43,9
2019-02-16,06 09 10 11 18 22,7
2019-02-20,05 11 12 19 21 48,2
2019-02-23,08 15 21 27 29 47,1
2019-02-27,11 13 19 20 24 49,2
2019-03-02,38 41 42 46 48 49,6
2019-03-06,01 09 35 37 43 46,5
2019-03-09,08 12 20 22 32 38,6
2019-03-13,15 19 20 33 34 36,5
2019-03-16,10 14 20 22 39 46,1
2019-03-20,04 09 19 40 44 47,3
2019-03-23,03 23 26 29 42 44,8
2019-03-27,10 15 31 36 40 48,1
2019-03-30,03 26 28 29 46 49,4
2019-04-03,02 05 07 09 13 22,6
2019-04-06,12 21 23 32 41 42,3
2019-04-10,01 04 21 22 37 39,4
2019-04-13,04 19 27 29 36 41,1
2019-04-17,11 18 27 38 42 45,6
2019-04-20,06 08 19 25 29 41,8
2019-04-24,01 09 11 44 47 49,1
2019-04-27,02 13 14 19 47 48,5
2019-05-01,04 16 27 31 38 47,6
2019-05-04,01 19 24 29 35 42,8
2019-05-08,05 10 15 16 38 41,7
2019-05-11,10 15 25 31 42 47,0
2019-05-15,13 18 21 35 36 45,9
2019-05-18,11 26 32 39 43 47,4
2019-05-22,06 16 40 41 46 49,6
2019-05-25,01 06 12 15 21 36,9
2019-05-29,02 08 29 32 40 44,2
2019-06-01,03 15 22 25 29 30,7
2019-06-05,02 03 06 11 42 49,7
2019-06-08,01 13 17 21 44 45,4
2019-06-12,02 21 24 41 42 47,1
2019-06-15,04 06 27 33 40 43,3
2019-06-19,04 11 20 23 38 41,3
2019-06-22,10 11 12 21 30 49,3
2019-06-26,13 19 21 34 42 48,8
2019-06-29,01 08 31 34 43 45,1
2019-07-03,02 37 39 42 45 48,7
2019-07-06,19 22 27 40 45 46,9
2019-07-10,03 14 25 30 37 39,9
2019-07-13,03 10 26 29 30 42,3
2019-07-17,08 19 29 40 47 48,5
2019-07-20,05 09 24 29 35 36,2
2019-07-24,01 23 27 39 40 45,9
2019-07-27,05 16 17 21 23 35,6
2019-07-31,01 13 17 22 23 35,7
2019-08-03,02 03 34 40 42 44,7
2019-08-07,15 21 27 30 46 47,2
2019-08-10,01 08 10 16 18 35,2
2019-08-14,03 15 18 30 39 41,1
2019-08-17,02 06 09 28 33 45,0
2019-08-21,12 30 39 44 45 46,9
2019-08-24,05 09 29 38 42 44,1
2019-08-28,10 14 17 22 31 34,3
2019-08-31,02 03 05 17 25 36,4
2019-09-04,27 28 29 34 36 42,4
2019-09-07,09 11 28 29 35 36,3
2019-09-11,03 08 17 28 38 42,1
2019-09-14,16 24 26 31 34 43,7
2019-09-18,18 24 34 44 46 48,8
2019-09-21,12 14 16 23 37 47,6
2019-09-25,05 07 15 23 33 37,8
2019-09-28,13 24 27 30 43 44,7
2019-10-02,03 26 29 31 33 48,0
2019-10-05,08 17 27 36 47 49,5
2019-10-09,02 12 22 32 40 45,8
2019-10-12,04 23 36 42 44 45,7
2019-10-16,05 09 12 17 31 38,8
2019-10-19,04 07 11 33 38 39,9
2019-10-23,01 07 16 19 26 31,5
2019-10-26,01 02 11 17 37 44,6
2019-10-30,11 22 23 28 44 48,9
2019-11-02,06 15 17 21 25 41,3
2019-11-06,07 11 32 39 45 46,4
2019-11-09,09 28 31 33 40 44,7
2019-11-13,17 18 20 29 38 44,0
2019-11-16,01 04 16 25 28 47,1
2019-11-20,02 07 10 18 31 42,0
2019-11-23,05 11 24 26 28 36,5
2019-11-27,01 12 20 33 40 41,9
2019-11-30,05 33 38 42 43 47,5
2019-12-04,12 13 35 45 46 48,2
2019-12-07,02 11 13 19 20 43,4
2019-12-11,14 25 27 32 36 45,5
2019-12-14,04 16 20 31 34 38,8
2019-12-18,06 19 20 25 42 48,4
2019-12-21,04 13 14 20 27 35,5
2019-12-25,17 22 33 36 41 47,2
2019-12-28,07 12 18 19 23 24,2
2020-01-01,07 13 17 37 42 44,8
2020-01-04,01 07 13 18 27 30,1
2020-01-08,02 03 11 25 27 35,2
2020-01-11,10 19 28 37 42 48,9
2020-01-15,02 08 24 31 43 46,4
2020-01-18,12 14 22 32 41 43,3
2020-01-22,03 16 23 33 41 47,4
2020-01-25,09 12 28 30 34 43,3
2020-01-29,17 22 24 39 48 49,0
2020-02-01,07 08 12 32 42 47,6
2020-02-05,13 16 31 37 39 49,7
2020-02-08,01 10 30 36 38 42,3
2020-02-12,02 10 24 31 41 49,3
2020-02-15,02 05 11 20 22 40,5
2020-02-19,03 07 11 22 27 42,7
2020-02-22,06 11 21 24 31 32,0
2020-02-26,02 05 18 33 45 47,7
2020-02-29,03 08 09 10 29 42,0
2020-03-04,14 19 22 29 46 47,5
2020-03-07,09 11 16 26 36 44,0
2020-03-11,07 23 24 41 47 49,5
2020-03-14,02 11 19 30 38 49,2
2020-03-18,13 19 22 28 31 34,5
2020-03-21,01 04 22 26 34 36,4
2020-03-25,06 11 18 21 35 49,9
2020-03-28,02 04 28 36 39 46,7
2020-04-01,04 15 22 39 46 48,6
2020-04-04,09 12 17 24 41 43,1
2020-04-08,05 18 22 25 31 44,4
2020-04-11,13 18 26 29 42 47,4
2020-04-15,11 22 24 27 30 46,0
2020-04-18,11 15 28 35 39 42,3
2020-04-22,09 13 29 34 39 49,7
2020-04-25,04 11 17 19 25 30,4
2020-04-29,01 05 07 32 36 41,9
2020-05-02,04 10 11 16 27 49,2
2020-05-06,05 19 31 34 43 47,5
2020-05-09,02 09 17 22 23 36,7
2020-05-13,12 17 20 21 43 46,4
2020-05-16,03 06 08 11 47 48,4
2020-05-20,09 31 33 42 45 49,1
2020-05-23,01 04 11 17 27 35,8
2020-05-27,04 25 36 39 43 47,3
2020-05-30,05 18 33 35 42 43,0
2020-06-03,20 25 31 33 38 43,0
2020-06-06,16 18 21 25 40 49,1
2020-06-10,02 11 17 20 36 42,1
2020-06-13,14 20 36 38 41 43,5
2020-06-17,06 13 29 35 38 48,3
2020-06-20,01 02 07 11 14 40,3
2020-06-24,05 11 18 34 38 41,3
2020-06-27,14 21 24 27 42 49,4
2020-07-01,02 32 36 38 39 44,1
2020-07-04,06 17 19 33 36 49,0
2020-07-08,09 15 23 28 41 44,7
2020-07-11,08 16 29 32 38 46,7
2020-07-15,13 14 20 25 35 47,6
2020-07-18,08 11 25 28 34 49,7
2020-07-22,06 11 17 24 25 44,1
2020-07-25,02 04 10 18 27 37,0
2020-07-29,03 15 20 34 35 43,7
2020-08-01,01 20 24 33 38 39,0
2020-08-05,06 08 10 24 33 42,4
2020-08-08,08 14 18 25 28 48,7
2020-08-12,04 20 21 34 35 45,4
2020-08-15,16 24 31 40 44 46,0
2020-08-19,05 18 22 27 38 48,1
2020-08-22,01 02 08 10 29 37,5
2020-08-26,03 15 18 26 39 40,3
2020-08-29,01 12 19 20 36 48,5
2020-09-02,06 10 23 39 45 49,3
2020-09-05,01 03 07 13 19 44,5
2020-09-09,09 22 24 35 46 49,0
2020-09-12,11 16 28 40 41 45,7
2020-09-16,08 31 41 43 44 48,8
2020-09-19,01 08 23 29 35 38,2
2020-09-23,06 19 25 26 32 33,0
2020-09-26,06 08 12 22 27 47,7
2020-09-30,05 07 20 21 33 43,4
2020-10-03,10 13 20 25 33 48,8
2020-10-07,05 08 15 37 38 44,0
2020-10-10,04 08 16 22 28 33,6
2020-10-14,06 14 20 25 26 27,2
2020-10-17,02 05 09 16 41 48,8
2020-10-21,16 20 23 34 40 47,6
2020-10-24,01 06 20 22 24 40,6
2020-10-28,02 07 12 23 36 43,4
2020-10-31,01 08 11 21 26 28,8
2020-11-04,02 07 17 32 43 45,9
2020-11-07,24 32 33 36 40 45,4
2020-11-11,10 11 19 33 37 38,9
2020-11-14,01 10 16 18 20 37,4
2020-11-18,08 19 29 35 41 49,7
2020-11-21,01 13 14 21 25 39,0
2020-11-25,10 11 16 17 18 30,4
2020-11-28,02 13 27 28 35 47,8
2020-12-02,01 02 32 41 43 44,1
2020-12-05,12 15 25 33 41 48,5
2020-12-09,03 05 11 13 15 40,2
2020-12-12,01 02 03 21 39 45,7
2020-12-16,01 02 17 19 22 48,6
2020-12-19,03 06 22 31 47 48,0
2020-12-23,11 12 13 37 38 39,7
2020-12-26,02 05 07 12 13 32,3
2020-12-30,05 08 11 40 44 45,9
2021-01-02,07 08 16 28 30 34,6
2021-01-06,14 21 32 37 38 44,6
2021-01-09,07 16 19 20 30 41,5
2021-01-13,07 23 26 38 40 43,6
2021-01-16,01 05 15 35 37 45,3
2021-01-20,05 06 11 31 35 42,0
2021-01-23,12 13 16 18 32 49,7
2021-01-27,01 04 15 16 44 45,3
2021-01-30,06 30 33 36 40 43,1
2021-02-03,03 06 10 12 34 47,9
2021-02-06,08 12 23 38 41 48,9
2021-02-10,05 19 21 27 32 46,6
2021-02-13,07 14 15 20 29 47,9
2021-02-17,04 10 25 29 40 48,9
2021-02-20,03 06 15 26 30 42,4
2021-02-24,01 05 13 36 44 46,3
2021-02-27,02 04 09 19 23 47,7
2021-03-03,01 09 10 23 24 27,4
2021-03-06,01 03 07 29 33 35,7
2021-03-10,07 08 11 21 30 46,6
2021-03-13,04 19 24 44 47 48,8
2021-03-17,01 03 18 30 31 41,3
2021-03-20,02 12 15 16 17 35,7
2021-03-24,04 11 14 23 24 48,4
2021-03-27,04 12 13 19 31 46,6
2021-03-31,01 12 16 24 31 48,4
2021-04-03,05 23 29 34 36 40,6
2021-04-07,09 10 18 19 36 37,0
2021-04-10,04 06 09 15 27 45,7
2021-04-14,02 04 18 19 20 46,5
2021-04-17,18 22 25 26 36 48,0
2021-04-21,01 18 24 27 37 47,0
2021-04-24,01 04 24 25 34 48,1
2021-04-28,12 13 21 23 31 46,0
2021-05-01,01 15 21 37 42 43,1
2021-05-05,04 05 06 10 15 21,8
2021-05-08,10 13 22 23 42 47,2
2021-05-12,01 02 18 34 42 44,6
2021-05-15,02 05 15 25 26 41,1
2021-05-19,05 07 14 25 38 45,4
2021-05-22,03 08 17 38 40 43,2
2021-05-26,02 23 34 35 44 46,7
2021-05-29,09 10 16 44 45 46,8
2021-06-02,10 14 15 35 39 45,0
2021-06-05,05 14 31 35 44 47,1
2021-06-09,01 07 17 22 41 49,3
2021-06-12,01 05 11 23 29 49,0
2021-06-16,01 22 25 28 37 44,7
2021-06-19,11 19 21 29 35 36,2
2021-06-23,05 06 09 20 33 46,5
2021-06-26,13 17 19 24 29 45,0
2021-06-30,04 10 15 27 32 47,8
2021-07-03,05 09 10 18 20 49,2
2021-07-07,02 08 23 29 31 43,9
2021-07-10,02 08 25 32 40 47,6
2021-07-14,01 12 15 26 33 49,6
2021-07-17,17 25 30 33 38 49,9
2021-07-21,07 08 18 38 39 48,2
2021-07-24,03 08 14 22 23 45,3
2021-07-28,08 10 11 19 31 47,3
2021-07-31,01 04 08 24 26 39,5
2021-08-04,01 03 05 06 30 41,2
2021-08-07,09 14 18 19 30 40,3
2021-08-11,06 12 22 34 46 49,1
2021-08-14,02 17 19 29 39 48,1
2021-08-18,07 22 25 27 43 48,6
2021-08-21,07 12 15 16 19 23,0
2021-08-25,06 09 11 12 24 33,7
2021-08-28,11 18 24 25 41 46,7
2021-09-01,03 05 16 39 48 49,0
2021-09-04,02 05 15 20 39 44,7
2021-09-08,13 21 23 30 41 44,3
2021-09-11,06 23 25 33 34 43,7
2021-09-15,08 21 27 37 40 41,5
2021-09-18,06 09 21 34 36 49,2
2021-09-22,03 05 13 21 22 31,7
2021-09-25,19 20 27 30 41 47,7
2021-09-29,11 14 16 31 36 43,4
2021-10-02,04 07 10 15 43 46,4
2021-10-06,03 08 10 27 29 40,2
2021-10-09,01 08 11 17 47 49,3
2021-10-13,04 07 10 18 31 35,5
2021-10-16,07 20 21 27 29 34,6
2021-10-20,07 15 16 24 37 43,5
2021-10-23,01 10 19 22 26 28,2
2021-10-27,01 16 20 21 25 45,6
2021-10-30,06 11 15 31 42 45,4
2021-11-03,10 13 14 28 44 49,0
2021-11-06,06 09 27 31 41 44,9
2021-11-10,06 08 15 16 22 32,7
2021-11-13,03 04 06 10 25 42,0
2021-11-17,05 15 21 25 28 47,9
2021-11-20,08 24 26 31 40 47,7
2021-11-24,02 05 09 19 24 25,7
2021-11-27,07 14 15 29 36 37,3
2021-12-01,05 08 12 13 34 49,7
2021-12-04,01 09 31 40 44 46,7
2021-12-08,15 16 18 26 39 44,5
2021-12-11,01 09 23 40 46 49,0
2021-12-15,04 05 10 17 26 28,2
2021-12-18,10 16 25 28 43 46,8
2021-12-22,13 33 37 40 46 48,6
2021-12-25,14 15 27 41 42 46,7
2021-12-29,06 10 14 20 31 46,0
2022-01-01,10 13 14 15 16 24,2
