date,digits
1975-01-04,0265102
1975-01-11,0787535
1975-01-18,1745576
1975-01-25,4042796
1975-02-01,8150528
1975-02-08,3275354
1975-02-15,8244143
1975-02-22,0006591
1975-03-01,1525342
1975-03-08,8783710
1975-03-15,5154537
1975-03-22,4286805
1975-03-29,3543759
1975-04-05,8969967
1975-04-12,0412777
1975-04-19,5926257
1975-04-26,1859581
1975-05-03,3515471
1975-05-10,0444097
1975-05-17,8296610
1975-05-24,1183545
1975-05-31,1163328
1975-06-07,0858010
1975-06-14,6881072
1975-06-21,4016881
1975-06-28,1896757
1975-07-05,9646307
1975-07-12,4768476
1975-07-19,8696530
1975-07-26,9437883
1975-08-02,4808637
1975-08-09,2307390
1975-08-16,5668406
1975-08-23,2892438
1975-08-30,3961369
1975-09-06,6640810
1975-09-13,5868691
1975-09-20,7209825
1975-09-27,7645528
1975-10-04,3889563
1975-10-11,9857789
1975-10-18,4392533
1975-10-25,6139689
1975-11-01,5362982
1975-11-08,8514672
1975-11-15,9809098
1975-11-22,1312131
1975-11-29,2495913
1975-12-06,3768182
1975-12-13,0042046
1975-12-20,9659352
1975-12-27,8649841
1976-01-03,9478482
1976-01-10,4007840
1976-01-17,8275677
1976-01-24,8518634
1976-01-31,7368126
1976-02-07,6155356
1976-02-14,5275551
1976-02-21,7249935
1976-02-28,2262607
1976-03-06,9533044
1976-03-13,0274043
1976-03-20,9631897
1976-03-27,0022242
1976-04-03,6662679
1976-04-10,5345465
1976-04-17,0247398
1976-04-24,5398332
1976-05-01,6412191
1976-05-08,3946275
1976-05-15,1659080
1976-05-22,5445220
1976-05-29,5813039
1976-06-05,5390758
1976-06-12,2984903
1976-06-19,8560643
1976-06-26,3421704
1976-07-03,9341630
1976-07-10,1972735
1976-07-17,5357020
1976-07-24,0174975
1976-07-31,9458103
1976-08-07,1181931
1976-08-14,9562131
1976-08-21,4740987
1976-08-28,5395519
1976-09-04,0965607
1976-09-11,4984779
1976-09-18,2583011
1976-09-25,8564178
1976-10-02,6869532
1976-10-09,1209123
1976-10-16,2851995
1976-10-23,5098667
1976-10-30,6039603
1976-11-06,2732982
1976-11-13,2136264
1976-11-20,4865527
1976-11-27,3315817
1976-12-04,7293690
1976-12-11,9310904
1976-12-18,6758554
1976-12-25,4678418
1977-01-01,3030974
1977-01-08,0283030
1977-01-15,9634939
1977-01-22,2873830
1977-01-29,5688507
1977-02-05,9974717
1977-02-12,0576008
1977-02-19,3046424
1977-02-26,9086100
1977-03-05,2500823
1977-03-12,7537327
1977-03-19,6656890
1977-03-26,1209734
1977-04-02,0986299
1977-04-09,0591726
1977-04-16,1760980
1977-04-23,0026652
1977-04-30,1024556
1977-05-07,3506185
1977-05-14,4961354
1977-05-21,1573996
1977-05-28,1990047
1977-06-04,1488413
1977-06-11,0707571
1977-06-18,2652977
1977-06-25,0985920
1977-07-02,1889465
1977-07-09,5365492
1977-07-16,0576617
1977-07-23,7597031
1977-07-30,7129567
1977-08-06,1204823
1977-08-13,5243508
1977-08-20,7231945
1977-08-27,8817926
1977-09-03,9379052
1977-09-10,3872795
1977-09-17,6784670
1977-09-24,8795930
1977-10-01,6679503
1977-10-08,9363006
1977-10-15,4012842
1977-10-22,0788331
1977-10-29,1592387
1977-11-05,0949241
1977-11-12,4350821
1977-11-19,3971439
1977-11-26,2621361
1977-12-03,0993516
1977-12-10,7652456
1977-12-17,8465099
1977-12-24,0358134
1977-12-31,7703559
1978-01-07,8026245
1978-01-14,1543467
1978-01-21,3339196
1978-01-28,8163720
1978-02-04,4117461
1978-02-11,6424847
1978-02-18,4168448
1978-02-25,7643256
1978-03-04,9070596
1978-03-11,3121701
1978-03-18,9332465
1978-03-25,0479791
1978-04-01,8067913
1978-04-08,8129163
1978-04-15,9463415
1978-04-22,2931058
1978-04-29,8847480
1978-05-06,3878571
1978-05-13,0817673
1978-05-20,1893378
1978-05-27,2299477
1978-06-03,6281411
1978-06-10,1398110
1978-06-17,9237113
1978-06-24,0816514
1978-07-01,1912802
1978-07-08,2907254
1978-07-15,5688053
1978-07-22,4681460
1978-07-29,9496040
1978-08-05,7474963
1978-08-12,7788634
1978-08-19,5983345
1978-08-26,1972679
1978-09-02,0203291
1978-09-09,6725616
1978-09-16,4719616
1978-09-23,9271119
1978-09-30,9914127
1978-10-07,9744460
1978-10-14,5615354
1978-10-21,0633958
1978-10-28,0760159
1978-11-04,6610599
1978-11-11,1054022
1978-11-18,8272854
1978-11-25,9458268
1978-12-02,0315904
1978-12-09,1623393
1978-12-16,3685386
1978-12-23,0293907
1978-12-30,6150247
1979-01-06,0400202
1979-01-13,3403447
1979-01-20,2641902
1979-01-27,5407797
1979-02-03,6815729
1979-02-10,3020365
1979-02-17,8557202
1979-02-24,3859515
1979-03-03,2458192
1979-03-10,5119788
1979-03-17,9525088
1979-03-24,5648098
1979-03-31,4023923
1979-04-07,2737822
1979-04-14,7592867
1979-04-21,3275929
1979-04-28,7688532
1979-05-05,3707988
1979-05-12,5682500
1979-05-19,1706459
1979-05-26,0179813
1979-06-02,4172526
1979-06-09,9347385
1979-06-16,6355579
1979-06-23,8574041
1979-06-30,8777259
1979-07-07,7767631
1979-07-14,3905790
1979-07-21,6796622
1979-07-28,8298211
1979-08-04,3778833
1979-08-11,0077229
1979-08-18,6291355
1979-08-25,9298301
1979-09-01,8739350
1979-09-08,9049618
1979-09-15,6655336
1979-09-22,1927591
1979-09-29,2116781
1979-10-06,7384953
1979-10-13,0727533
1979-10-20,9768917
1979-10-27,7823050
1979-11-03,6839358
1979-11-10,0586887
1979-11-17,3483958
1979-11-24,5337987
1979-12-01,9707823
1979-12-08,4072313
1979-12-15,0354755
1979-12-22,3655394
1979-12-29,8808356
1980-01-05,6008982
1980-01-12,7332044
1980-01-19,7062742
1980-01-26,4156375
1980-02-02,9124779
1980-02-09,6878828
1980-02-16,1899465
1980-02-23,8175035
1980-03-01,1402594
1980-03-08,3410764
1980-03-15,1956197
1980-03-22,9069098
1980-03-29,7150295
1980-04-05,9213430
1980-04-12,4841017
1980-04-19,0211228
1980-04-26,2059395
1980-05-03,8379080
1980-05-10,7142938
1980-05-17,0630719
1980-05-24,4004691
1980-05-31,0408805
1980-06-07,0009721
1980-06-14,2997970
1980-06-21,7567248
1980-06-28,7297869
1980-07-05,4634072
1980-07-12,9706038
1980-07-19,3446705
1980-07-26,4361717
1980-08-02,9474394
1980-08-09,3463315
1980-08-16,9971661
1980-08-23,3163255
1980-08-30,8967723
1980-09-06,6491289
1980-09-13,7328550
1980-09-20,3734262
1980-09-27,1015888
1980-10-04,6463143
1980-10-11,4380946
1980-10-18,4709378
1980-10-25,6357929
1980-11-01,0826204
1980-11-08,2207728
1980-11-15,1327998
1980-11-22,0054048
1980-11-29,2951734
1980-12-06,3051312
1980-12-13,0905672
1980-12-20,3223214
1980-12-27,5022607
1981-01-03,6601763
1981-01-10,6118318
1981-01-17,4365405
1981-01-24,0667569
1981-01-31,7214142
1981-02-07,6750844
1981-02-14,9287096
1981-02-21,4165000
1981-02-28,4674425
1981-03-07,2694901
1981-03-14,7556320
1981-03-21,2214202
1981-03-28,3121489
1981-04-04,1601243
1981-04-11,4751526
1981-04-18,3174512
1981-04-25,3866432
1981-05-02,9303905
1981-05-09,0570622
1981-05-16,5211546
1981-05-23,6569386
1981-05-30,3194921
1981-06-06,8613450
1981-06-13,9167199
1981-06-20,3585478
1981-06-27,5790569
1981-07-04,8643216
1981-07-11,5632872
1981-07-18,7992908
1981-07-25,9222258
1981-08-01,0109678
1981-08-08,5704691
1981-08-15,9522444
1981-08-22,4787586
1981-08-29,4788064
1981-09-05,6159022
1981-09-12,1949800
1981-09-19,7973171
1981-09-26,4036573
1981-10-03,9816198
1981-10-10,6019126
1981-10-17,4838031
1981-10-24,9153211
1981-10-31,8915186
1981-11-07,3776918
1981-11-14,2221749
1981-11-21,5322110
1981-11-28,8890006
1981-12-05,7366472
1981-12-12,6960210
1981-12-19,0865648
1981-12-26,1407358
1982-01-02,1529862
1982-01-09,1098708
1982-01-16,1232375
1982-01-23,0669646
1982-01-30,9606040
1982-02-06,2899244
1982-02-13,4228562
1982-02-20,4917227
1982-02-27,0530912
1982-03-06,3969639
1982-03-13,4690760
1982-03-20,6918878
1982-03-27,1279510
1982-04-03,0826555
1982-04-10,0917801
1982-04-17,0460993
1982-04-24,8676892
1982-05-01,5868919
1982-05-08,9702911
1982-05-15,4971709
1982-05-22,1851962
1982-05-29,1054643
1982-06-05,7716529
1982-06-12,5015399
1982-06-19,4874566
1982-06-26,3401345
1982-07-03,3742722
1982-07-10,8231079
1982-07-17,4886408
1982-07-24,3148727
1982-07-31,8342876
1982-08-07,6443000
1982-08-14,3813619
1982-08-21,2491277
1982-08-28,0741628
1982-09-04,0447278
1982-09-11,8454244
1982-09-18,6300621
1982-09-25,7508687
1982-10-02,6900192
1982-10-09,6208107
1982-10-16,0828149
1982-10-23,5670190
1982-10-30,8322669
1982-11-06,4663147
1982-11-13,0469911
1982-11-20,5502916
1982-11-27,8700418
1982-12-04,9273092
1982-12-11,6987036
1982-12-18,7551204
1982-12-25,9882308
1983-01-01,9401771
1983-01-08,8812810
1983-01-15,7796218
1983-01-22,2418962
1983-01-29,1534135
1983-02-05,9098054
1983-02-12,1811501
1983-02-19,9232647
1983-02-26,0266125
1983-03-05,8887068
1983-03-12,2025572
1983-03-19,9479503
1983-03-26,9407551
1983-04-02,4378629
1983-04-09,9550196
1983-04-16,1940466
1983-04-23,1540549
1983-04-30,1387975
1983-05-07,9953808
1983-05-14,2123941
1983-05-21,2238350
1983-05-28,2986309
1983-06-04,1104722
1983-06-11,3975905
1983-06-18,5083674
1983-06-25,6901203
1983-07-02,1513864
1983-07-09,9078705
1983-07-16,1660681
1983-07-23,1142777
1983-07-30,2082605
1983-08-06,2564029
1983-08-13,7632841
1983-08-20,8497151
1983-08-27,0630517
1983-09-03,2603257
1983-09-10,0887438
1983-09-17,3253193
1983-09-24,1118882
1983-10-01,6208789
1983-10-08,9228928
1983-10-15,8044680
1983-10-22,0638246
1983-10-29,1084982
1983-11-05,4261330
1983-11-12,4533791
1983-11-19,9474484
1983-11-26,1331741
1983-12-03,8365888
1983-12-10,4037680
1983-12-17,9576860
1983-12-24,1333444
1983-12-31,3845337
1984-01-07,1681788
1984-01-14,3930192
1984-01-21,0182160
1984-01-28,9183427
1984-02-04,8231745
1984-02-11,6464730
1984-02-18,0079875
1984-02-25,7052026
1984-03-03,0853707
1984-03-10,4376054
1984-03-17,6182239
1984-03-24,0300903
1984-03-31,2971156
1984-04-07,2643872
1984-04-14,8198406
1984-04-21,2782005
1984-04-28,6649616
1984-05-05,3082858
1984-05-12,7669838
1984-05-19,4050831
1984-05-26,5018884
1984-06-02,1974091
1984-06-09,3195402
1984-06-16,1978774
1984-06-23,0797505
1984-06-30,0680320
1984-07-07,2170448
1984-07-14,7478564
1984-07-21,9613300
1984-07-28,2634818
1984-08-04,1822746
1984-08-11,6747439
1984-08-18,7897759
1984-08-25,2636777
1984-09-01,7017415
1984-09-08,9742268
1984-09-15,9814830
1984-09-22,9366807
1984-09-29,9498946
1984-10-06,6107686
1984-10-13,4598768
1984-10-20,5805329
1984-10-27,8140686
1984-11-03,8954207
1984-11-10,7876495
1984-11-17,0352067
1984-11-24,1250025
1984-12-01,8146108
1984-12-08,7200912
1984-12-15,0988897
1984-12-22,5785561
1984-12-29,7942306
1985-01-05,0206785
1985-01-12,2530624
1985-01-19,6984804
1985-01-26,3947811
1985-02-02,5515877
1985-02-09,8745412
1985-02-16,2272206
1985-02-23,8089019
1985-03-02,3372722
1985-03-09,4964139
1985-03-16,4843060
1985-03-23,2718828
1985-03-30,8095831
1985-04-06,3353247
1985-04-13,7095040
1985-04-20,3861014
1985-04-27,3862762
1985-05-04,6282469
1985-05-11,5642406
1985-05-18,2197539
1985-05-25,4257497
1985-06-01,0691741
1985-06-08,4078689
1985-06-15,9839483
1985-06-22,5847945
1985-06-29,2174172
1985-07-06,5980717
1985-07-13,5271579
1985-07-20,7590295
1985-07-27,1117309
1985-08-03,6285270
1985-08-10,9235381
1985-08-17,1505006
1985-08-24,9096664
1985-08-31,0658385
1985-09-07,9373274
1985-09-14,4687072
1985-09-21,5464154
1985-09-28,6141992
1985-10-05,4599963
1985-10-12,3466859
1985-10-19,3206755
1985-10-26,1990449
1985-11-02,0423248
1985-11-09,0781419
1985-11-16,8331454
1985-11-23,0491836
1985-11-30,0740384
1985-12-07,2780410
1985-12-14,8922529
1985-12-21,5072544
1985-12-28,9406996
1986-01-04,7833264
1986-01-11,0297660
1986-01-18,5674391
1986-01-25,1288193
1986-02-01,9073596
1986-02-08,1195866
1986-02-15,4340807
1986-02-22,1386076
1986-03-01,5190719
1986-03-08,4781061
1986-03-15,1693662
1986-03-22,9259109
1986-03-29,0627115
1986-04-05,9222932
1986-04-12,5038214
1986-04-19,0565746
1986-04-26,4511524
1986-05-03,0937156
1986-05-10,5439274
1986-05-17,9331983
1986-05-24,0785681
1986-05-31,5449289
1986-06-07,0967593
1986-06-14,4012708
1986-06-21,8117363
1986-06-28,5740925
1986-07-05,0113383
1986-07-12,8939910
1986-07-19,2034479
1986-07-26,0264195
1986-08-02,3690926
1986-08-09,7470858
1986-08-16,6907374
1986-08-23,6753424
1986-08-30,2413070
1986-09-06,5510164
1986-09-13,0380420
1986-09-20,2995431
1986-09-27,9815557
1986-10-04,1379783
1986-10-11,9208911
1986-10-18,9321093
1986-10-25,4430650
1986-11-01,8004987
1986-11-08,7938707
1986-11-15,3960031
1986-11-22,3699850
1986-11-29,1238869
1986-12-06,3653457
1986-12-13,1548676
1986-12-20,1465589
1986-12-27,8696076
1987-01-03,0350216
1987-01-10,1238774
1987-01-17,9362533
1987-01-24,1064144
1987-01-31,5604680
1987-02-07,7872951
1987-02-14,8167328
1987-02-21,5541371
1987-02-28,9622823
1987-03-07,4823272
1987-03-14,7324874
1987-03-21,4350510
1987-03-28,8673798
1987-04-04,7945190
1987-04-11,3587037
1987-04-18,7765979
1987-04-25,8128714
1987-05-02,1389860
1987-05-09,4692198
1987-05-16,8308321
1987-05-23,7653457
1987-05-30,8425671
1987-06-06,9614922
1987-06-13,8993721
1987-06-20,9289937
1987-06-27,4592512
1987-07-04,8927507
1987-07-11,9668588
1987-07-18,6174400
1987-07-25,1210515
1987-08-01,8964278
1987-08-08,6277295
1987-08-15,5808703
1987-08-22,7387210
1987-08-29,8077778
1987-09-05,3888022
1987-09-12,8384252
1987-09-19,7693980
1987-09-26,8961444
1987-10-03,0193142
1987-10-10,0763037
1987-10-17,4780422
1987-10-24,0471366
1987-10-31,6092687
1987-11-07,8872653
1987-11-14,9960627
1987-11-21,5210888
1987-11-28,5564567
1987-12-05,1343924
1987-12-12,2157709
1987-12-19,5639521
1987-12-26,7291916
1988-01-02,1849879
1988-01-09,4390899
1988-01-16,4889674
1988-01-23,4656345
1988-01-30,0023126
1988-02-06,0555750
1988-02-13,8004653
1988-02-20,7055703
1988-02-27,0869206
1988-03-05,4072067
1988-03-12,8722681
1988-03-19,4670284
1988-03-26,1198999
1988-04-02,0982942
1988-04-09,7180942
1988-04-16,0880490
1988-04-23,5627398
1988-04-30,5720079
1988-05-07,2052734
1988-05-14,4371407
1988-05-21,6316663
1988-05-28,2711467
1988-06-04,7468856
1988-06-11,5079311
1988-06-18,5123078
1988-06-25,9875114
1988-07-02,7642030
1988-07-09,3756962
1988-07-16,6672944
1988-07-23,5378407
1988-07-30,6501750
1988-08-06,3159181
1988-08-13,4094042
1988-08-20,8122555
1988-08-27,5833572
1988-09-03,3091455
1988-09-10,0647503
1988-09-17,4599944
1988-09-24,4745355
1988-10-01,1107964
1988-10-08,8485013
1988-10-15,7523928
1988-10-22,9358595
1988-10-29,3152935
1988-11-05,9605754
1988-11-12,0818461
1988-11-19,9085816
1988-11-26,4726949
1988-12-03,1382869
1988-12-10,1526779
1988-12-17,9820036
1988-12-24,7500594
1988-12-31,6116744
1989-01-07,2732487
1989-01-14,5259635
1989-01-21,8453136
1989-01-28,8450572
1989-02-04,4415148
1989-02-11,2104973
1989-02-18,7466590
1989-02-25,1875064
1989-03-04,3528251
1989-03-11,1625351
1989-03-18,0533960
1989-03-25,6088155
1989-04-01,5224713
1989-04-08,7456569
1989-04-15,0325067
1989-04-22,1302231
1989-04-29,0579035
1989-05-06,8819341
1989-05-13,2520412
1989-05-20,9668228
1989-05-27,2669745
1989-06-03,4305000
1989-06-10,1160474
1989-06-17,0719262
1989-06-24,0371070
1989-07-01,7233402
1989-07-08,8666272
1989-07-15,4681273
1989-07-22,5362117
1989-07-29,6493039
1989-08-05,1580065
1989-08-12,6986799
1989-08-19,4553099
1989-08-26,2275606
1989-09-02,5638060
1989-09-09,0733990
1989-09-16,3181532
1989-09-23,1248711
1989-09-30,5094138
1989-10-07,4196289
1989-10-14,2220963
1989-10-21,9282418
1989-10-28,9894532
1989-11-04,1439942
1989-11-11,8172767
1989-11-18,4357597
1989-11-25,7895946
1989-12-02,6897206
1989-12-09,1894844
1989-12-16,6548996
1989-12-23,1776567
1989-12-30,5114886
1990-01-06,1926630
1990-01-13,0478688
1990-01-20,5111720
1990-01-27,6642527
1990-02-03,9308739
1990-02-10,6075847
1990-02-17,7754717
1990-02-24,0398935
1990-03-03,5382966
1990-03-10,1711839
1990-03-17,9708250
1990-03-24,8163576
1990-03-31,1638487
1990-04-07,3722716
1990-04-14,8332209
1990-04-21,0541832
1990-04-28,8834508
1990-05-05,0480592
1990-05-12,2711624
1990-05-19,3190382
1990-05-26,7947303
1990-06-02,5351663
1990-06-09,7946866
1990-06-16,8208546
1990-06-23,3207791
1990-06-30,4889772
1990-07-07,7789398
1990-07-14,1574906
1990-07-21,5916962
1990-07-28,6007962
1990-08-04,7153779
1990-08-11,6252916
1990-08-18,2577366
1990-08-25,3500384
1990-09-01,6487946
1990-09-08,8769672
1990-09-15,2273741
1990-09-22,7971465
1990-09-29,6821333
1990-10-06,4510130
1990-10-13,2561192
1990-10-20,0205237
1990-10-27,1587949
1990-11-03,4997059
1990-11-10,8372919
1990-11-17,6823667
1990-11-24,2274961
1990-12-01,8993114
1990-12-08,8319912
1990-12-15,5606879
1990-12-22,4867859
1990-12-29,6592466
1991-01-05,4284072
1991-01-12,7361267
1991-01-19,2517004
1991-01-26,6983028
1991-02-02,7939998
1991-02-09,9157137
1991-02-16,9865618
1991-02-23,6312441
1991-03-02,1975298
1991-03-09,3495028
1991-03-16,8509810
1991-03-23,2955704
1991-03-30,0913831
1991-04-06,2077284
1991-04-13,1943153
1991-04-20,3334154
1991-04-27,8290848
1991-05-04,5378337
1991-05-11,5359304
1991-05-18,1058745
1991-05-25,8524223
1991-06-01,8585803
1991-06-08,3269826
1991-06-15,5492096
1991-06-22,9405400
1991-06-29,6294248
1991-07-06,8994621
1991-07-13,9238942
1991-07-20,7317853
1991-07-27,2904184
1991-08-03,5631236
1991-08-10,9873272
1991-08-17,9974596
1991-08-24,0516533
1991-08-31,3545250
1991-09-07,6578547
1991-09-14,7842901
1991-09-21,7125525
1991-09-28,6120394
1991-10-05,6795994
1991-10-12,3481724
1991-10-19,4692099
1991-10-26,0340381
1991-11-02,5237855
1991-11-09,7330854
1991-11-16,8322665
1991-11-23,3696208
1991-11-30,4878539
1991-12-07,4107471
1991-12-14,3820118
1991-12-21,1605023
1991-12-28,9451799
1992-01-04,5072393
1992-01-11,0275811
1992-01-18,2402539
1992-01-25,0901556
1992-02-01,8753749
1992-02-08,2849455
1992-02-15,8816427
1992-02-22,8600646
1992-02-29,0614407
1992-03-07,2427453
1992-03-14,4654228
1992-03-21,3277548
1992-03-28,8493322
1992-04-04,4923381
1992-04-11,1810616
1992-04-18,0338686
1992-04-25,0551381
1992-05-02,2877178
1992-05-09,0250818
1992-05-16,6755806
1992-05-23,4413029
1992-05-30,0189709
1992-06-06,4034830
1992-06-13,5197378
1992-06-20,1479815
1992-06-27,7766382
1992-07-04,4524028
1992-07-11,9459422
1992-07-18,1308082
1992-07-25,9562724
1992-08-01,6958830
1992-08-08,5365470
1992-08-15,0640606
1992-08-22,9003367
1992-08-29,6179225
1992-09-05,2317609
1992-09-12,2819426
1992-09-19,1951951
1992-09-26,2621707
1992-10-03,2813787
1992-10-10,4198910
1992-10-17,6839273
1992-10-24,4967306
1992-10-31,5594955
1992-11-07,6493094
1992-11-14,0224450
1992-11-21,8770724
1992-11-28,0010610
1992-12-05,9149756
1992-12-12,9881791
1992-12-19,6229726
1992-12-26,9724552
1993-01-02,2325545
1993-01-09,4015130
1994-01-01,1795836
1996-01-04,6503213
1996-08-16,8371479
1996-10-25,1853168
1996-12-28,3504341
1997-11-29,1730127
1998-04-04,6651992
1998-04-11,0821432
1998-04-18,1313068
1998-05-09,4347532
1998-05-16,8016990
1998-08-15,1919993
1998-09-05,2871380
1998-12-05,1799351
1998-12-12,0689159
1998-12-19,5100609
1998-12-26,4666821
1999-01-02,7008684
1999-01-09,0829499
1999-01-16,8389840
1999-01-23,3946193
1999-01-30,9354562
1999-02-06,8233268
1999-02-13,6485775
1999-02-20,5040553
1999-02-27,6102613
1999-03-06,8517651
1999-03-13,0114261
1999-03-20,5310738
1999-03-27,2434845
1999-04-03,7086913
1999-04-10,9346043
1999-04-17,0651457
1999-04-24,1264848
1999-05-01,5339519
1999-05-08,6602886
1999-05-15,5849993
1999-05-22,0064659
1999-05-29,3003115
1999-06-05,6002579
1999-06-12,6225726
1999-06-19,4871368
1999-06-26,6215811
1999-07-03,1539639
1999-07-10,0576564
1999-07-17,3410117
1999-07-24,8620911
1999-07-31,5759462
1999-08-07,4243218
1999-08-14,3409808
1999-08-21,4959496
1999-08-28,8081651
1999-09-04,3177972
1999-09-11,1196727
1999-09-18,0417553
1999-09-25,6393417
1999-10-02,1982583
1999-10-09,3380671
1999-10-16,4689577
1999-10-23,8838893
1999-10-30,2243958
1999-11-06,3139768
1999-11-13,9746822
1999-11-20,4966033
1999-11-27,7248320
1999-12-04,7609548
1999-12-11,8850352
1999-12-18,4451863
1999-12-25,5286283
2000-01-01,8295008
2000-01-08,7759633
2000-01-15,9223916
2000-01-22,0646627
2000-01-29,4231317
2000-02-05,4474409
2000-02-12,0788952
2000-02-19,5865089
2000-02-26,1044153
2000-03-04,4420100
2000-03-11,3610371
2000-03-18,6694731
2000-03-25,8835686
2000-04-01,6495415
2000-04-08,3593523
2000-04-15,1166243
2000-04-22,6004560
2000-04-29,7245439
2000-05-06,1777165
2000-05-13,9467440
2000-05-20,4434992
2000-05-27,8679282
2000-06-03,1025104
2000-06-10,4968568
2000-06-17,8648260
2000-06-24,9279810
2000-07-01,4969678
2000-07-08,2498513
2000-07-15,3571181
2000-07-22,5949384
2000-07-29,4056094
2000-08-05,5122705
2000-08-12,0928444
2000-08-19,4265278
2000-08-26,8528206
2000-09-02,0543169
2000-09-09,6860223
2000-09-16,2720554
2000-09-23,3774509
2000-09-30,2112467
2000-10-07,8126139
2000-10-14,9761810
2000-10-21,3642978
2000-10-28,8172390
2000-11-04,7271755
2000-11-11,7814149
2000-11-18,9543147
2000-11-25,8394636
2000-12-02,2798070
2000-12-06,3771082
2000-12-09,3369392
2000-12-13,3576856
2000-12-16,8137818
2000-12-20,6778816
2000-12-23,2640253
2000-12-27,7574405
2000-12-30,8144086
2001-01-03,5501791
2001-01-06,8251344
2001-01-10,0776765
2001-01-13,9346977
2001-01-17,0617403
2001-01-20,4733549
2001-01-24,3681964
2001-01-27,6183483
2001-01-31,3575100
2001-02-03,5963131
2001-02-07,6606655
2001-02-10,1285076
2001-02-14,5886753
2001-02-17,3984738
2001-02-21,0158405
2001-02-24,4258718
2001-02-28,8730459
2001-03-03,0843243
2001-03-07,8316611
2001-03-10,7589293
2001-03-14,7607608
2001-03-17,7275184
2001-03-21,1504433
2001-03-24,4009565
2001-03-28,7571183
2001-03-31,9239150
2001-04-04,1434512
2001-04-07,8187706
2001-04-11,1502411
2001-04-14,1255077
2001-04-18,4848316
2001-04-21,5080223
2001-04-25,7979560
2001-04-28,7565529
2001-05-02,9150455
2001-05-05,0965028
2001-05-09,7538060
2001-05-12,8526325
2001-05-16,1576663
2001-05-19,7392859
2001-05-23,9166834
2001-05-26,8575302
2001-05-30,6751440
2001-06-02,9734279
2001-06-06,3294143
2001-06-09,5368055
2001-06-13,4465782
2001-06-16,5958998
2001-06-20,0767496
2001-06-23,5706238
2001-06-27,7716761
2001-06-30,9292503
2001-07-04,8755367
2001-07-07,7635913
2001-07-11,1443531
2001-07-14,1166892
2001-07-18,0845861
2001-07-21,9795934
2001-07-25,5310836
2001-07-28,9297762
2001-08-01,3570350
2001-08-04,0958023
2001-08-08,5352787
2001-08-11,3786115
2001-08-15,1880549
2001-08-18,3127644
2001-08-22,8446545
2001-08-25,1436713
2001-08-29,6155153
2001-09-01,2864744
2001-09-05,2054339
2001-09-08,3816143
2001-09-12,1376815
2001-09-15,3364991
2001-09-19,4177638
2001-09-22,0342434
2001-09-26,7888806
2001-09-29,0489767
2001-10-03,0325117
2001-10-06,0325845
2001-10-10,4472773
2001-10-13,8859462
2001-10-17,4823658
2001-10-20,5635295
2001-10-24,6031386
2001-10-27,4353679
2001-10-31,6072877
2001-11-03,4862166
2001-11-07,4583911
2001-11-10,0159550
2001-11-14,2097386
2001-11-17,3920534
2001-11-21,4414373
2001-11-24,8741542
2001-11-28,3158964
2001-12-01,1320380
2001-12-05,7116655
2001-12-08,8613939
2001-12-12,0988776
2001-12-15,3596176
2001-12-19,0441828
2001-12-22,7313134
2001-12-26,7933354
2001-12-29,7945603
2002-01-02,0668795
2002-01-05,4932797
2002-01-09,1077636
2002-01-12,5891254
2002-01-16,1516414
2002-01-19,5567686
2002-01-23,5700077
2002-01-26,1176892
2002-01-30,7454955
2002-02-02,2699751
2002-02-06,7835876
2002-02-09,9641448
2002-02-13,0157715
2002-02-16,6049809
2002-02-20,5772573
2002-02-23,6777918
2002-02-27,2004155
2002-03-02,3609266
2002-03-06,8358163
2002-03-09,1519921
2002-03-13,5747715
2002-03-16,7604819
2002-03-20,3285438
2002-03-23,2287105
2002-03-27,4171266
2002-03-30,6878648
2002-04-03,2377733
2002-04-06,3459105
2002-04-10,9040576
2002-04-13,1517899
2002-04-17,3434533
2002-04-20,9415735
2002-04-24,8138339
2002-04-27,0782505
2002-05-01,6566573
2002-05-04,5946073
2002-05-08,1386787
2002-05-11,2325515
2002-05-15,8876805
2002-05-18,5666085
2002-05-22,5138876
2002-05-25,0586881
2002-05-29,5143945
2002-06-01,0410698
2002-06-05,0133416
2002-06-08,1457757
2002-06-12,4399763
2002-06-15,3134065
2002-06-19,0438712
2002-06-22,5498153
2002-06-26,6175891
2002-06-29,0009428
2002-07-03,0588614
2002-07-06,2552863
2002-07-10,4421878
2002-07-13,0971315
2002-07-17,0424297
2002-07-20,7286345
2002-07-24,5754950
2002-07-27,3604826
2002-07-31,6247945
2002-08-03,6219094
2002-08-07,7006771
2002-08-10,0144669
2002-08-14,0196058
2002-08-17,5024202
2002-08-21,8891171
2002-08-24,6344635
2002-08-28,6701064
2002-08-31,2515213
2002-09-04,7765970
2002-09-07,0648403
2002-09-11,3561837
2002-09-14,2455381
2002-09-18,0552318
2002-09-21,2685381
2002-09-25,6688299
2002-09-28,3597991
2002-10-02,1658717
2002-10-05,4539178
2002-10-09,0437443
2002-10-12,7805721
2002-10-16,8142428
2002-10-19,2106336
2002-10-23,9985241
2002-10-26,0592461
2002-10-30,9567863
2002-11-02,5335273
2002-11-06,8459448
2002-11-09,0904596
2002-11-13,9466491
2002-11-16,9450640
2002-11-20,6062849
2002-11-23,0220843
2002-11-27,1667832
2002-11-30,2260637
2002-12-04,0819143
2002-12-07,6461838
2002-12-11,2560657
2002-12-14,8388640
2002-12-18,9505185
2002-12-21,9249341
2002-12-25,5646689
2002-12-28,2092958
2003-01-01,4521646
2003-01-04,8867089
2003-01-08,3770051
2003-01-11,6663753
2003-01-15,7386001
2003-01-18,0889154
2003-01-22,2458271
2003-01-25,9374446
2003-01-29,4658608
2003-02-01,1111301
2003-02-05,4112344
2003-02-08,1497848
2003-02-12,5504946
2003-02-15,0918820
2003-02-19,3541863
2003-02-22,5411180
2003-02-26,2373628
2003-03-01,7510117
2003-03-05,0056704
2003-03-08,5610368
2003-03-12,6895677
2003-03-15,0396847
2003-03-19,5026130
2003-03-22,4818400
2003-03-26,1648036
2003-03-29,6909636
2003-04-02,2434866
2003-04-05,4434701
2003-04-09,6114355
2003-04-12,9688857
2003-04-16,6131581
2003-04-19,6346746
2003-04-23,5333418
2003-04-26,4830111
2003-04-30,1028751
2003-05-03,5855791
2003-05-07,2654657
2003-05-10,0640625
2003-05-14,8738106
2003-05-17,2683371
2003-05-21,1097955
2003-05-24,3075438
2003-05-28,3561594
2003-05-31,9188575
2003-06-04,9638718
2003-06-07,0052970
2003-06-11,2005906
2003-06-14,4007411
2003-06-18,7503788
2003-06-21,6389297
2003-06-25,8461842
2003-06-28,1974992
2003-07-02,9889733
2003-07-05,1552629
2003-07-09,8771666
2003-07-12,6059245
2003-07-16,3333512
2003-07-19,2664119
2003-07-23,5177254
2003-07-26,3839015
2003-07-30,1629707
2003-08-02,5052694
2003-08-06,0196895
2003-08-09,8627258
2003-08-13,3764187
2003-08-16,5765163
2003-08-20,9507241
2003-08-23,7289900
2003-08-27,2857751
2003-08-30,8931195
2003-09-03,4763540
2003-09-06,9979790
2003-09-10,5684049
2003-09-13,0408471
2003-09-17,0930740
2003-09-20,8982451
2003-09-24,2177666
2003-09-27,0177849
2003-10-01,4456420
2003-10-04,2641029
2003-10-08,6453064
2003-10-11,2443106
2003-10-15,2835481
2003-10-18,0845344
2003-10-22,0445333
2003-10-25,9870566
2003-10-29,5695968
2003-11-01,3463321
2003-11-05,4526036
2003-11-08,1656497
2003-11-12,1543800
2003-11-15,9343059
2003-11-19,3103006
2003-11-22,2805214
2003-11-26,2130064
2003-11-29,0288618
2003-12-03,6518006
2003-12-06,1216394
2003-12-10,0148363
2003-12-13,1843473
2003-12-17,8557054
2003-12-20,2047804
2003-12-24,3538708
2003-12-27,1478926
2003-12-31,7158227
2004-01-03,4595194
2004-01-07,4878154
2004-01-10,2370516
2004-01-14,3004666
2004-01-17,5506054
2004-01-21,4301246
2004-01-24,6380478
2004-01-28,4071406
2004-01-31,4540556
2004-02-04,5036645
2004-02-07,8259178
2004-02-11,5055045
2004-02-14,2071547
2004-02-18,9620076
2004-02-21,2031940
2004-02-25,7884006
2004-02-28,5226515
2004-03-03,9145626
2004-03-06,6049005
2004-03-10,3107578
2004-03-13,3451230
2004-03-17,9565158
2004-03-20,7961752
2004-03-24,5501995
2004-03-27,7955266
2004-03-31,8718900
2004-04-03,3924847
2004-04-07,2976871
2004-04-10,4471255
2004-04-14,4754770
2004-04-17,8043062
2004-04-21,3861443
2004-04-24,2345237
2004-04-28,3446454
2004-05-01,1789972
2004-05-05,5105711
2004-05-08,8893938
2004-05-12,4035169
2004-05-15,9022380
2004-05-19,5317557
2004-05-22,9435867
2004-05-26,7400878
2004-05-29,0266788
2004-06-02,3483835
2004-06-05,2816346
2004-06-09,5378774
2004-06-12,5683867
2004-06-16,0364035
2004-06-19,9144924
2004-06-23,1450811
2004-06-26,7392167
2004-06-30,2671068
2004-07-03,0749952
2004-07-07,9677678
2004-07-10,7199271
2004-07-14,2312447
2004-07-17,1345407
2004-07-21,4798347
2004-07-24,1138341
2004-07-28,2756829
2004-07-31,7573869
2004-08-04,8877130
2004-08-07,6416727
2004-08-11,7772858
2004-08-14,1792687
2004-08-18,1868677
2004-08-21,1410913
2004-08-25,2360073
2004-08-28,7640884
2004-09-01,4414394
2004-09-04,8382350
2004-09-08,1655480
2004-09-11,1303370
2004-09-15,6934040
2004-09-18,9893655
2004-09-22,4170738
2004-09-25,2649278
2004-09-29,2401036
2004-10-02,1499299
2004-10-06,2858757
2004-10-09,9683022
2004-10-13,4965434
2004-10-16,6175631
2004-10-20,4488372
2004-10-23,5401043
2004-10-27,4553026
2004-10-30,2363780
2004-11-03,3206083
2004-11-06,7390376
2004-11-10,7201111
2004-11-13,3493551
2004-11-17,5676935
2004-11-20,9871114
2004-11-24,8388254
2004-11-27,9811348
2004-12-01,2009673
2004-12-04,3673669
2004-12-08,6585305
2004-12-11,1986001
2004-12-15,5650024
2004-12-18,3495835
2004-12-22,7878776
2004-12-25,7409098
2004-12-29,3697954
2005-01-01,6013847
2005-01-05,6183430
2005-01-08,4444511
2005-01-12,3745973
2005-01-15,2462851
2005-01-19,0179998
2005-01-22,6769662
2005-01-26,7462184
2005-01-29,6712849
2005-02-02,2607867
2005-02-05,4667481
2005-02-09,9469618
2005-02-12,7090804
2005-02-16,7630732
2005-02-19,8778007
2005-02-23,5226197
2005-02-26,3270522
2005-03-02,4641916
2005-03-05,8592602
2005-03-09,7978542
2005-03-12,5252479
2005-03-16,1392720
2005-03-19,6394946
2005-03-23,9572413
2005-03-26,9665415
2005-03-30,8588165
2005-04-02,1787731
2005-04-06,6900018
2005-04-09,4949380
2005-04-13,2953801
2005-04-16,3598460
2005-04-20,9658606
2005-04-23,2729965
2005-04-27,0676735
2005-04-30,9706022
2005-05-04,1201784
2005-05-07,0612047
2005-05-11,7038280
2005-05-14,1674622
2005-05-18,4731065
2005-05-21,7461334
2005-05-25,5475035
2005-05-28,5481286
2005-06-01,5419656
2005-06-04,7258845
2005-06-08,8676316
2005-06-11,3332852
2005-06-15,5841703
2005-06-18,0831968
2005-06-22,9046974
2005-06-25,5701856
2005-06-29,6663243
2005-07-02,0455051
2005-07-06,8427075
2005-07-09,3902488
2005-07-13,8610105
2005-07-16,9117279
2005-07-20,3009828
2005-07-23,3179039
2005-07-27,5035534
2005-07-30,8206914
2005-08-03,5710603
2005-08-06,1678505
2005-08-10,5385765
2005-08-13,5807384
2005-08-17,8126651
2005-08-20,3730955
2005-08-24,7638442
2005-08-27,7207588
2005-08-31,6788546
2005-09-03,1435802
2005-09-07,1052425
2005-09-10,3855653
2005-09-14,4003516
2005-09-17,0069352
2005-09-21,8324053
2005-09-24,9701283
2005-09-28,8806224
2005-10-01,2909732
2005-10-05,3391121
2005-10-08,2074031
2005-10-12,2971195
2005-10-15,2355461
2005-10-19,9562886
2005-10-22,9970522
2005-10-26,6070506
2005-10-29,0008318
2005-11-02,2506181
2005-11-05,3777992
2005-11-09,6080803
2005-11-12,3039130
2005-11-16,2414518
2005-11-19,4062954
2005-11-23,6401888
2005-11-26,7998400
2005-11-30,2484647
2005-12-03,6235578
2005-12-07,6681748
2005-12-10,7944332
2005-12-14,7791574
2005-12-17,1740135
2005-12-21,6163458
2005-12-24,4115227
2005-12-28,5033491
2005-12-31,0101709
2006-01-04,3574016
2006-01-07,3787021
2006-01-11,3447261
2006-01-14,8137082
2006-01-18,0863668
2006-01-21,3055725
2006-01-25,1537473
2006-01-28,1595996
2006-02-01,6607635
2006-02-04,7781844
2006-02-08,7557633
2006-02-11,3478009
2006-02-15,0544101
2006-02-18,1800278
2006-02-22,1390818
2006-02-25,5948203
2006-03-01,2620549
2006-03-04,2544437
2006-03-08,5028283
2006-03-11,1914223
2006-03-15,1383366
2006-03-18,0754731
2006-03-22,4173372
2006-03-25,0246603
2006-03-29,6722614
2006-04-01,3867907
2006-04-05,3934105
2006-04-08,7475646
2006-04-12,8043844
2006-04-15,3798824
2006-04-19,3070611
2006-04-22,3843058
2006-04-26,2838919
2006-04-29,4206488
2006-05-03,1518829
2006-05-06,3544734
2006-05-10,0110224
2006-05-13,8245074
2006-05-17,5557713
2006-05-20,0437633
2006-05-24,0077051
2006-05-27,3976700
2006-05-31,4586881
2006-06-03,9412755
2006-06-07,6637006
2006-06-10,0585281
2006-06-14,3145683
2006-06-17,6833256
2006-06-21,1440375
2006-06-24,0012473
2006-06-28,5367587
2006-07-01,7104406
2006-07-05,3778651
2006-07-08,5410848
2006-07-12,4688890
2006-07-15,3772626
2006-07-19,9373661
2006-07-22,0815427
2006-07-26,1715992
2006-07-29,9840259
2006-08-02,2333670
2006-08-05,9785128
2006-08-09,2595057
2006-08-12,7820124
2006-08-16,6343332
2006-08-19,9026751
2006-08-23,4118726
2006-08-26,3890120
2006-08-30,8050935
2006-09-02,9344968
2006-09-06,8028395
2006-09-09,8654347
2006-09-13,9250069
2006-09-16,3471317
2006-09-20,4346184
2006-09-23,3508325
2006-09-27,4557518
2006-09-30,8222273
2006-10-04,6747686
2006-10-07,8932236
2006-10-11,0061488
2006-10-14,8083131
2006-10-18,8779878
2006-10-21,6962013
2006-10-25,3143155
2006-10-28,0314083
2006-11-01,0655371
2006-11-04,4128133
2006-11-08,1338734
2006-11-11,3215036
2006-11-15,9190907
2006-11-18,7074468
2006-11-22,2599402
2006-11-25,4786633
2006-11-29,1381965
2006-12-02,9094428
2006-12-06,1296280
2006-12-09,5777949
2006-12-13,5211246
2006-12-16,8820435
2006-12-20,7384451
2006-12-23,7939684
2006-12-27,4862448
2006-12-30,1764065
2007-01-03,5701888
2007-01-06,7639156
2007-01-10,8490246
2007-01-13,6912868
2007-01-17,3101810
2007-01-20,8220944
2007-01-24,0952476
2007-01-27,3531524
2007-01-31,3844553
2007-02-03,3549056
2007-02-07,0067318
2007-02-10,4928063
2007-02-14,3192314
2007-02-17,3220990
2007-02-21,3056306
2007-02-24,1726151
2007-02-28,6334704
2007-03-03,2470501
2007-03-07,5148904
2007-03-10,4471551
2007-03-14,0882857
2007-03-17,3412965
2007-03-21,8706250
2007-03-24,7527398
2007-03-28,2534826
2007-03-31,3920731
2007-04-04,1130490
2007-04-07,2707528
2007-04-11,8440865
2007-04-14,2164647
2007-04-18,2371361
2007-04-21,3622933
2007-04-25,4446488
2007-04-28,3016058
2007-05-02,8815404
2007-05-05,3793670
2007-05-09,0360849
2007-05-12,7964279
2007-05-16,2553262
2007-05-19,1877914
2007-05-23,0041134
2007-05-26,5834731
2007-05-30,6786913
2007-06-02,5394615
2007-06-06,7174681
2007-06-09,4324152
2007-06-13,2762581
2007-06-16,2625442
2007-06-20,5197018
2007-06-23,9045449
2007-06-27,5085648
2007-06-30,3967913
2007-07-04,8238376
2007-07-07,0739197
2007-07-11,9211852
2007-07-14,6810514
2007-07-18,2214681
2007-07-21,7357122
2007-07-25,2165156
2007-07-28,7463440
2007-08-02,7144968
2007-08-04,6136759
2007-08-08,1375114
2007-08-11,3335567
2007-08-15,0834025
2007-08-18,5975373
2007-08-22,7843306
2007-08-25,7961537
2007-08-29,2215219
2007-09-01,0209957
2007-09-05,9854559
2007-09-08,8389059
2007-09-12,6643806
2007-09-15,6239282
2007-09-19,4201031
2007-09-22,1439699
2007-09-26,7035136
2007-09-29,1614568
2007-10-03,5644897
2007-10-06,9877254
2007-10-10,9373468
2007-10-13,5969195
2007-10-17,6073125
2007-10-20,0769455
2007-10-24,2002544
2007-10-27,5667438
2007-10-31,3740848
2007-11-03,9359888
2007-11-07,3014704
2007-11-10,6703427
2007-11-14,9457314
2007-11-17,9938033
2007-11-21,0882300
2007-11-24,0164405
2007-11-28,9070275
2007-12-01,5397178
2007-12-05,1962387
2007-12-08,6976210
2007-12-12,7571741
2007-12-15,5141591
2007-12-19,3424775
2007-12-22,6484535
2007-12-26,9567515
2007-12-29,0760266
2008-01-02,8196360
2008-01-05,3851053
2008-01-09,8546615
2008-01-12,6109654
2008-01-16,0264166
2008-01-19,3959030
2008-01-23,4473874
2008-01-26,3244922
2008-01-30,8614606
2008-02-02,4400397
2008-02-06,7872750
2008-02-09,1970366
2008-02-13,6678744
2008-02-16,3956140
2008-02-20,2431572
2008-02-23,6147227
2008-02-27,5447273
2008-03-01,4280261
2008-03-05,1263650
2008-03-08,6942999
2008-03-12,1219527
2008-03-15,5813292
2008-03-19,1300570
2008-03-22,7770165
2008-03-26,8471115
2008-03-29,2375312
2008-04-02,3751177
2008-04-05,3167458
2008-04-09,5824515
2008-04-12,9529573
2008-04-16,1823181
2008-04-19,6005827
2008-04-23,2161343
2008-04-26,9426372
2008-04-30,2532443
2008-05-03,0540217
2008-05-07,9084535
2008-05-10,7677640
2008-05-14,0874207
2008-05-17,6761025
2008-05-21,1207808
2008-05-24,7205192
2008-05-28,3573809
2008-05-31,6735693
2008-06-04,7851738
2008-06-07,9013805
2008-06-11,2609770
2008-06-14,2652229
2008-06-18,5936609
2008-06-21,9886506
2008-06-25,0165166
2008-06-28,1654599
2008-07-02,6850510
2008-07-05,9929323
2008-07-09,4071956
2008-07-12,6536115
2008-07-16,7748938
2008-07-19,1701745
2008-07-23,2364592
2008-07-26,8863806
2008-07-30,8631440
2008-08-02,4527026
2008-08-06,6340419
2008-08-09,1444541
2008-08-13,9605777
2008-08-16,2756693
2008-08-20,6082176
2008-08-23,8216795
2008-08-27,1453683
2008-08-30,8014729
2008-09-03,3814050
2008-09-06,1416796
2008-09-10,4410686
2008-09-13,5243640
2008-09-17,7564765
2008-09-20,5348983
2008-09-24,6513960
2008-09-27,8091246
2008-10-01,9371647
2008-10-04,2228715
2008-10-08,2151821
2008-10-11,4328091
2008-10-15,9807900
2008-10-18,7791580
2008-10-22,0968285
2008-10-25,8033522
2008-10-29,9890621
2008-11-01,6799565
2008-11-05,0794016
2008-11-08,2591496
2008-11-12,9546999
2008-11-15,1837815
2008-11-19,2779124
2008-11-22,7473146
2008-11-26,9809967
2008-11-29,5081713
2008-12-03,3035404
2008-12-06,4909580
2008-12-10,1190478
2008-12-13,3913045
2008-12-17,6194545
2008-12-20,5580792
2008-12-24,8912072
2008-12-27,0029987
2008-12-31,8178150
2009-01-03,2515017
2009-01-07,9466358
2009-01-10,9676381
2009-01-14,3896357
2009-01-17,8474602
2009-01-21,8210561
2009-01-24,9604677
2009-01-28,4386518
2009-01-31,1212784
2009-02-04,2585739
2009-02-07,7430145
2009-02-11,5113001
2009-02-14,6515675
2009-02-18,5550860
2009-02-21,1074018
2009-02-25,9847246
2009-02-28,0460509
2009-03-04,1031257
2009-03-07,8117342
2009-03-11,9867248
2009-03-14,7423051
2009-03-18,5505652
2009-03-21,5560001
2009-03-25,8316069
2009-03-28,8298220
2009-04-01,7613202
2009-04-04,3664597
2009-04-08,0036870
2009-04-11,5454473
2009-04-15,9028176
2009-04-18,2698227
2009-04-22,3714863
2009-04-25,7108202
2009-04-29,9186511
2009-05-02,3578889
2009-05-06,4226841
2009-05-09,5126733
2009-05-13,4519895
2009-05-16,7794789
2009-05-20,9822504
2009-05-23,7902903
2009-05-27,6064461
2009-05-30,9457905
2009-06-03,6808625
2009-06-06,7791568
2009-06-10,9281104
2009-06-13,3186817
2009-06-17,0825760
2009-06-20,8767215
2009-06-24,1022161
2009-06-27,6509191
2009-07-01,4618185
2009-07-04,0438721
2009-07-08,3932605
2009-07-11,9698714
2009-07-15,6558993
2009-07-18,8032785
2009-07-22,8888579
2009-07-25,7591535
2009-07-29,4055470
2009-08-01,1671000
2009-08-05,7177051
2009-08-08,0216954
2009-08-12,3875003
2009-08-15,8852436
2009-08-19,4348775
2009-08-22,8360625
2009-08-26,5565040
2009-08-29,4644778
2009-09-02,1763926
2009-09-05,9732132
2009-09-09,2510991
2009-09-12,7544963
2009-09-16,9585044
2009-09-19,0979726
2009-09-23,1599688
2009-09-26,2032312
2009-09-30,6689377
2009-10-03,7116589
2009-10-07,6678414
2009-10-10,9684809
2009-10-14,8808876
2009-10-17,1074624
2009-10-21,4241067
2009-10-24,5064014
2009-10-28,6834666
2009-10-31,1568934
2009-11-04,7280499
2009-11-07,7239107
2009-11-11,1169232
2009-11-14,1530764
2009-11-18,6004632
2009-11-21,0912779
2009-11-25,3563103
2009-11-28,9803676
2009-12-02,1154910
2009-12-05,9097739
2009-12-09,8837264
2009-12-12,7840881
2009-12-16,5642054
2009-12-19,9979008
2009-12-23,9100638
2009-12-26,7725456
2009-12-30,8865752
2010-01-02,5244227
2010-01-06,8182564
2010-01-09,9645269
2010-01-13,4815705
2010-01-16,9648633
2010-01-20,2130883
2010-01-23,8168168
2010-01-27,9057733
2010-01-30,9574634
2010-02-03,6151105
2010-02-06,5273573
2010-02-10,1117159
2010-02-13,9471675
2010-02-17,8415177
2010-02-20,7673634
2010-02-24,6064742
2010-02-27,2655777
2010-03-03,5648071
2010-03-06,9180040
2010-03-10,9301743
2010-03-13,3610934
2010-03-17,9558783
2010-03-20,8144580
2010-03-24,7082136
2010-03-27,4341266
2010-03-31,3160391
2010-04-03,6603569
2010-04-07,0944761
2010-04-10,9008710
2010-04-14,4163626
2010-04-17,4920403
2010-04-21,2174728
2010-04-24,1882647
2010-04-28,4264038
2010-05-01,1340943
2010-05-05,8841620
2010-05-08,8928883
2010-05-12,4834417
2010-05-15,1672462
2010-05-19,3444591
2010-05-22,7305081
2010-05-26,5871256
2010-05-29,1396425
2010-06-02,5446088
2010-06-05,1454831
2010-06-09,6701581
2010-06-12,1587667
2010-06-16,0898907
2010-06-19,9040773
2010-06-23,4323675
2010-06-26,9040415
2010-06-30,7468704
2010-07-03,2573209
2010-07-07,2884738
2010-07-10,7381707
2010-07-14,8650676
2010-07-17,4046856
2010-07-21,7336110
2010-07-24,7505791
2010-07-28,2134733
2010-07-31,0751764
2010-08-04,6577815
2010-08-07,8567601
2010-08-11,5133738
2010-08-14,2870587
2010-08-18,7677537
2010-08-21,1232139
2010-08-25,1523300
2010-08-28,1837555
2010-09-01,8472730
2010-09-04,1218573
2010-09-08,5085383
2010-09-11,0722501
2010-09-15,5711330
2010-09-18,3053580
2010-09-22,2080676
2010-09-25,9777698
2010-09-29,0468924
2010-10-02,5092466
2010-10-06,7713381
2010-10-09,7268484
2010-10-13,3140931
2010-10-16,7209841
2010-10-20,1166418
2010-10-23,4018029
2010-10-27,0809686
2010-10-30,0555860
2010-11-03,7465348
2010-11-06,7631527
2010-11-10,6124500
2010-11-13,0772685
2010-11-17,4862631
2010-11-20,9693166
2010-11-24,5324109
2010-11-27,5839737
2010-12-01,6586014
2010-12-04,4017908
2010-12-08,6911666
2010-12-11,1524404
2010-12-15,9004288
2010-12-18,7992116
2010-12-22,8916888
2010-12-25,8109642
2010-12-29,3602373
2011-01-01,5500348
2011-01-05,9233301
2011-01-08,2257442
2011-01-12,3821888
2011-01-15,2586891
2011-01-19,2905776
2011-01-22,4926546
2011-01-26,0353721
2011-01-29,9498328
2011-02-02,8610115
2011-02-05,4222431
2011-02-09,0506277
2011-02-12,8984407
2011-02-16,3908112
2011-02-19,7960831
2011-02-23,2629532
2011-02-26,3829976
2011-03-02,1834476
2011-03-05,3310302
2011-03-09,5943517
2011-03-12,8269130
2011-03-16,2982571
2011-03-19,7069125
2011-03-23,6410170
2011-03-26,8377336
2011-03-30,4668792
2011-04-02,5025615
2011-04-06,8471793
2011-04-09,2844103
2011-04-13,8105054
2011-04-16,7344430
2011-04-20,7799552
2011-04-23,7920524
2011-04-27,6855544
2011-04-30,7670031
2011-05-04,6523386
2011-05-07,6912582
2011-05-11,4991653
2011-05-14,6758039
2011-05-18,3575497
2011-05-21,0992600
2011-05-25,1081226
2011-05-28,6440362
2011-06-01,5775195
2011-06-04,5466991
2011-06-08,2189917
2011-06-11,1692478
2011-06-15,9338537
2011-06-18,6275206
2011-06-22,6438263
2011-06-25,1121105
2011-06-29,1822153
2011-07-02,7414630
2011-07-06,5530453
2011-07-09,5218933
2011-07-13,2444087
2011-07-16,7574891
2011-07-20,7486928
2011-07-23,2072089
2011-07-27,6408756
2011-07-30,9914569
2011-08-03,5666944
2011-08-06,4300945
2011-08-10,6025237
2011-08-13,8116392
2011-08-17,5327734
2011-08-20,6785922
2011-08-24,9871977
2011-08-27,2034964
2011-08-31,6996380
2011-09-03,0974451
2011-09-07,2778506
2011-09-10,1012818
2011-09-14,7130370
2011-09-17,8464487
2011-09-21,2814152
2011-09-24,0679396
2011-09-28,1586578
2011-10-01,7187579
2011-10-05,1175674
2011-10-08,2291285
2011-10-12,6754480
2011-10-15,5999847
2011-10-19,7166606
2011-10-22,4845917
2011-10-26,1137196
2011-10-29,8578596
2011-11-02,0723473
2011-11-05,3486410
2011-11-06,9145379
2011-11-09,2893873
2011-11-12,8812482
2011-11-19,6149152
2011-11-23,1269603
2011-11-26,4617469
2011-11-30,4723806
2011-12-03,2235957
2011-12-04,3906642
2011-12-07,9604310
2011-12-10,3919213
2011-12-17,9959367
2011-12-21,8770973
2011-12-24,6520773
2011-12-28,9461475
2011-12-31,2819614
2012-01-04,3505278
2012-01-07,3885405
2012-01-11,8002654
2012-01-14,2905013
2012-01-18,3436819
2012-01-21,9678206
2012-01-25,4115304
2012-01-28,0728894
2012-02-01,4935315
2012-02-04,9933207
2012-02-08,7746617
2012-02-11,1685878
2012-02-15,9721042
2012-02-18,4434766
2012-02-22,6565703
2012-02-25,9358442
2012-02-29,7554763
2012-03-03,9642098
2012-03-07,6354392
2012-03-10,3034517
2012-03-14,9453646
2012-03-17,8740452
2012-03-21,3525163
2012-03-24,7308732
2012-03-28,1004112
2012-03-31,9258425
2012-04-04,2680925
2012-04-07,7208777
2012-04-11,9756107
2012-04-14,2267868
2012-04-18,3909333
2012-04-21,8854869
2012-04-25,3566858
2012-04-28,0593027
2012-05-02,8526783
2012-05-05,2301586
2012-05-09,0537433
2012-05-12,7303388
2012-05-16,6190311
2012-05-19,1070645
2012-05-23,6247007
2012-05-26,5868128
2012-05-30,7045980
2012-06-02,3630909
2012-06-06,6527330
2012-06-09,0217514
2012-06-13,6493567
2012-06-16,7800443
2012-06-20,9806162
2012-06-23,7663179
2012-06-27,6193589
2012-06-30,6216687
2012-07-04,4779111
2012-07-07,3901680
2012-07-11,1007344
2012-07-14,9237175
2012-07-18,8372773
2012-07-21,8881414
2012-07-25,8713647
2012-07-28,5468983
2012-08-01,9786531
2012-08-04,3504627
2012-08-08,9033916
2012-08-11,2185996
2012-08-15,2026818
2012-08-18,6567332
2012-08-22,9764638
2012-08-25,4496336
2012-08-29,0255614
2012-09-01,4777805
2012-09-05,8525617
2012-09-08,7061916
2012-09-12,4058343
2012-09-15,1169104
2012-09-19,2186513
2012-09-22,7269534
2012-09-26,3020535
2012-09-29,7371587
2012-10-03,2454975
2012-10-06,9645893
2012-10-10,7629303
2012-10-13,1450221
2012-10-17,7214733
2012-10-20,0848875
2012-10-24,8540646
2012-10-27,1739617
2012-10-31,0634811
2012-11-03,1679665
2012-11-07,8634576
2012-11-10,4208456
2012-11-14,9539137
2012-11-17,4420226
2012-11-21,5756564
2012-11-24,5960287
2012-11-28,3365055
2012-12-01,5223616
2012-12-05,7595940
2012-12-08,1341372
2012-12-12,9288853
2012-12-15,5224104
2012-12-19,0794079
2012-12-22,9210708
2012-12-26,4230868
2012-12-29,1862667
2014-12-31,1786035
2015-12-23,5255345
2015-12-30,6737894
2016-01-02,6287057
2017-01-04,6223043
2017-01-07,8170236
2017-01-11,5366031
2017-01-14,8057836
2017-01-18,1535284
2017-01-21,9142449
2017-01-25,4444150
2017-01-28,5460467
2017-02-01,3794473
2017-02-04,3720352
2017-02-08,8255018
2017-02-11,0037628
2017-02-15,5053147
2017-02-18,1370308
2017-02-22,6732568
2017-02-25,5870162
2017-03-01,3751736
2017-03-04,2621069
2017-03-08,9258879
2017-03-11,1695185
2017-03-15,4438543
2017-03-18,7691114
2017-03-22,2259875
2017-03-25,7169810
2017-03-29,8742184
2017-04-01,3615831
2017-04-05,6588330
2017-04-08,3675529
2017-04-12,4576953
2017-04-15,6289305
2017-04-19,8422669
2017-04-22,2152168
2017-04-26,7471325
2017-04-29,1777954
2017-05-03,5835533
2017-05-06,5721351
2017-05-10,5537378
2017-05-13,6889336
2017-05-17,9912383
2017-05-20,4072755
2017-05-24,4141302
2017-05-27,9206558
2017-05-31,6784673
2017-06-03,3185926
2017-06-07,2429847
2017-06-10,4746754
2017-06-14,5061349
2017-06-17,8185930
2017-06-21,3647544
2017-06-24,9064635
2017-06-28,4627810
2017-07-01,8512109
2017-07-05,1210660
2017-07-08,3245478
2017-07-12,7924991
2017-07-15,5795353
2017-07-19,0177997
2017-07-22,5662788
2017-07-26,0282979
2017-07-29,4286052
2017-08-02,0224998
2017-08-05,2287874
2017-08-09,8563544
2017-08-12,5338464
2017-08-16,2632660
2017-08-19,4273301
2017-08-23,2860095
2017-08-26,0098967
2017-08-30,4905472
2017-09-02,7012966
2017-09-06,8732505
2017-09-09,3406114
2017-09-13,3305768
2017-09-16,4741600
2017-09-20,2682080
2017-09-23,8658856
2017-09-27,3040194
2017-09-30,0902619
2017-10-04,6170493
2017-10-07,1412681
2017-10-11,0836104
2017-10-14,6663149
2017-10-18,3888311
2017-10-21,5527231
2017-10-25,6735385
2017-10-28,7226929
2017-11-01,9461042
2017-11-04,9525443
2017-11-08,5184422
2017-11-11,3167515
2017-11-15,0116824
2017-11-18,5449972
2017-11-22,8689631
2017-11-25,2932844
2017-11-29,8153650
2017-12-02,1746263
2017-12-06,3897842
2017-12-09,0563326
2017-12-13,7465931
2017-12-16,0354892
2017-12-20,7603165
2017-12-23,8853130
2017-12-27,0746946
2017-12-30,8079232
2018-01-03,8977180
2018-01-06,7434352
2018-01-10,2899471
2018-01-13,8547998
2018-01-17,7542686
2018-01-20,3685207
2018-01-24,7770291
2018-01-27,6280794
2018-01-31,0084093
2018-02-03,6284666
2018-02-07,2418344
2018-02-10,5927055
2018-02-14,8780260
2018-02-17,5559018
2018-02-21,7401206
2018-02-24,7928405
2018-02-28,8417997
2018-03-03,2090668
2018-03-07,8046998
2018-03-10,3230210
2018-03-14,9777650
2018-03-17,1035933
2018-03-21,3040682
2018-03-24,8041248
2018-03-28,8532336
2018-03-31,8971378
2018-04-04,8909487
2018-04-07,3078036
2018-04-11,2675233
2018-04-14,0034422
2018-04-18,5534136
2018-04-21,9296608
2018-04-25,1504324
2018-04-28,1734184
2018-05-02,9729186
2018-05-05,8340838
2018-05-09,5580233
2018-05-12,7848612
2018-05-16,7392559
2018-05-19,9406893
2018-05-23,2556316
2018-05-26,0760671
2018-05-30,3288763
2018-06-02,0495582
2018-06-06,6540641
2018-06-09,3214733
2018-06-13,9193099
2018-06-16,3831971
2018-06-20,4835356
2018-06-23,0678755
2018-06-27,3015750
2018-06-30,6375504
2018-07-04,8856435
2018-07-07,5340029
2018-07-11,9544685
2018-07-14,9837373
2018-07-18,9126392
2018-07-21,2380349
2018-07-25,4956608
2018-07-28,6673614
2018-08-01,1102310
2018-08-04,3835661
2018-08-08,8101780
2018-08-11,1240056
2018-08-15,1160267
2018-08-18,2288343
2018-08-22,9490402
2018-08-25,6322004
2018-08-29,3746308
2018-09-01,6099701
2018-09-05,6001195
2018-09-08,2674527
2018-09-12,8512787
2018-09-15,0335586
2018-09-19,4760236
2018-09-22,8664535
2018-09-26,2598205
2018-09-29,1912041
2018-10-03,9783801
2018-10-06,9009100
2018-10-10,6200230
2018-10-13,6383139
2018-10-17,7666891
2018-10-20,0090371
2018-10-24,5714533
2018-10-27,2987847
2018-10-31,2041387
2018-11-03,4740883
2018-11-07,8395596
2018-11-10,2069052
2018-11-14,6420483
2018-11-17,6486299
2018-11-21,8481181
2018-11-24,7469537
2018-11-28,3619752
2018-12-01,0429210
2018-12-05,5129260
2018-12-08,7418261
2018-12-12,8688839
2018-12-15,7096064
2018-12-19,9723951
2018-12-22,1622195
2018-12-26,0363583
2018-12-29,9433132
2019-01-02,9972602
2019-01-05,2960171
2019-01-09,0236325
2019-01-12,7609181
2019-01-16,0372237
2019-01-19,3534660
2019-01-23,3852079
2019-01-26,5281068
2019-01-30,5096295
2019-02-02,0850988
2019-02-06,6536508
2019-02-09,9271064
2019-02-13,6490266
2019-02-16,3741142
2019-02-20,8065115
2019-02-23,1005517
2019-02-27,7237853
2019-03-02,5518394
2019-03-06,6598829
2019-03-09,5762105
2019-03-13,5597372
2019-03-16,0784704
2019-03-20,1512535
2019-03-23,1484990
2019-03-27,2722684
2019-03-30,3905786
2019-04-03,2365236
2019-04-06,4233948
2019-04-10,9865825
2019-04-13,3602880
2019-04-17,6391215
2019-04-20,7902849
2019-04-24,2292411
2019-04-27,3864218
2019-05-01,4551998
2019-05-04,1742247
2019-05-08,9805718
2019-05-11,1732824
2019-05-15,6466560
2019-05-18,1655857
2019-05-22,1489260
2019-05-25,1473430
2019-05-29,2857671
2019-06-01,8067156
2019-06-05,6358336
2019-06-08,3895758
2019-06-12,4564961
2019-06-15,1190363
2019-06-19,1357046
2019-06-22,2342792
2019-06-26,2073690
2019-06-29,8660751
2019-07-03,2081358
2019-07-06,3123155
2019-07-10,1529509
2019-07-13,8697152
2019-07-17,7385695
2019-07-20,3468632
2019-07-24,8027738
2019-07-27,6974977
2019-07-31,5933464
2019-08-03,1428721
2019-08-07,4189544
2019-08-10,2065844
2019-08-14,5877677
2019-08-17,3350693
2019-08-21,3271324
2019-08-24,9205603
2019-08-28,9194108
2019-08-31,0814243
2019-09-04,3788347
2019-09-07,9716249
2019-09-11,2220858
2019-09-14,5345012
2019-09-18,5272656
2019-09-21,9767388
2019-09-25,7098577
2019-09-28,2812283
2019-10-02,2466906
2019-10-05,1561266
2019-10-09,7687431
2019-10-12,3246594
2019-10-16,1542372
2019-10-19,0781465
2019-10-23,9013559
2019-10-26,1026825
2019-10-30,3321988
2019-11-02,0372520
2019-11-06,1817643
2019-11-09,4329446
2019-11-13,3281466
2019-11-16,3405527
2019-11-20,4710290
2019-11-23,8120188
2019-11-27,8677537
2019-11-30,5276571
2019-12-04,0505674
2019-12-07,0381205
2019-12-11,4747229
2019-12-14,6522904
2019-12-18,4010234
2019-12-21,2795013
2019-12-25,6713899
2019-12-28,4139654
2020-01-01,7960045
2020-01-04,9338029
2020-01-08,4196431
2020-01-11,7355820
2020-01-15,3886279
2020-01-18,0511131
2020-01-22,5032817
2020-01-25,5102385
2020-01-29,0189387
2020-02-01,3668598
2020-02-05,9567030
2020-02-08,7240421
2020-02-12,1936760
2020-02-15,6648418
2020-02-19,5148904
2020-02-22,8928168
2020-02-26,1766961
2020-02-29,7631914
2020-03-04,3266350
2020-03-07,2251287
2020-03-11,9723157
2020-03-14,0254514
2020-03-18,2052349
2020-03-21,7459767
2020-03-25,9155590
2020-03-28,3116471
2020-04-01,5098761
2020-04-04,5265558
2020-04-08,6287105
2020-04-11,1087027
2020-04-15,4438407
2020-04-18,2874783
2020-04-22,9068870
2020-04-25,6443844
2020-04-29,6498847
2020-05-02,7334540
2020-05-06,3951273
2020-05-09,0337337
2020-05-13,4467465
2020-05-16,4184956
2020-05-20,4480391
2020-05-23,8275175
2020-05-27,3069609
2020-05-30,6805200
2020-06-03,6312665
2020-06-06,5951578
2020-06-10,0492235
2020-06-13,1116999
2020-06-17,3101240
2020-06-20,2821843
2020-06-24,4267677
2020-06-27,9110396
2020-07-01,0600168
2020-07-04,0460702
2020-07-08,5195474
2020-07-11,4663421
2020-07-15,5640498
2020-07-18,7616836
2020-07-22,0045345
2020-07-25,6710587
2020-07-29,1896572
2020-08-01,6416581
2020-08-05,1123004
2020-08-08,1902288
2020-08-12,2381701
2020-08-15,8248977
2020-08-19,7374934
2020-08-22,6886345
2020-08-26,7286128
2020-08-29,2955027
2020-09-02,2374797
2020-09-05,1053079
2020-09-09,4223949
2020-09-12,7517993
2020-09-16,2235068
2020-09-19,7312244
2020-09-23,8745726
2020-09-26,6990924
2020-09-30,2613451
2020-10-03,6449589
2020-10-07,3150415
2020-10-10,7511090
2020-10-14,0657590
2020-10-17,1468381
2020-10-21,0709433
2020-10-24,7688222
2020-10-28,7352543
2020-10-31,6563002
2020-11-04,1947354
2020-11-07,2582974
2020-11-11,5953504
2020-11-14,6740586
2020-11-18,1288007
2020-11-21,3603512
2020-11-25,6563301
2020-11-28,9817681
2020-12-02,1964933
2020-12-05,3877309
2020-12-09,3092947
2020-12-12,4632032
2020-12-16,2427138
2020-12-19,0744223
2020-12-23,5101761
2020-12-26,2837100
2020-12-30,3227353
2021-01-02,9031729
2021-01-06,7527911
2021-01-09,8657818
2021-01-13,3444026
2021-01-16,8450772
2021-01-20,6370180
2021-01-23,4584888
2021-01-27,3911800
2021-01-30,7764962
2021-02-03,1452650
2021-02-06,6081894
2021-02-10,1718760
2021-02-13,9383069
2021-02-17,2439702
2021-02-20,0436461
2021-02-24,5647387
2021-02-27,1869718
2021-03-03,0520873
2021-03-06,3993948
2021-03-10,3296673
2021-03-13,7854623
2021-03-17,0981242
2021-03-20,2508713
2021-03-24,4846626
2021-03-27,9593101
2021-03-31,0928801
2021-04-03,4824897
2021-04-07,1154045
2021-04-10,2318243
2021-04-14,0108847
2021-04-17,4070229
2021-04-21,4280079
2021-04-24,6138072
2021-04-28,8875904
2021-05-01,0432417
2021-05-05,7999811
2021-05-08,7919899
2021-05-12,1913723
2021-05-15,0298438
2021-05-19,4568972
2021-05-22,9786873
2021-05-26,9219688
2021-05-29,5567148
2021-06-02,9167482
2021-06-05,0906797
2021-06-09,8759881
2021-06-12,6746179
2021-06-16,8992218
2021-06-19,5352169
2021-06-23,1619077
2021-06-26,6284453
2021-06-30,0865868
2021-07-03,1515632
2021-07-07,0225711
2021-07-10,4589124
2021-07-14,3216302
2021-07-17,4668589
2021-07-21,4242414
2021-07-24,5244588
2021-07-28,6067132
2021-07-31,1342754
2021-08-04,5807657
2021-08-07,2922458
2021-08-11,6130372
2021-08-14,2876288
2021-08-18,8471157
2021-08-21,3147336
2021-08-25,5773478
2021-08-28,9119221
2021-09-01,4336155
2021-09-04,4303135
2021-09-08,6686793
2021-09-11,9061894
2021-09-15,4391460
2021-09-18,6980240
2021-09-22,9049675
2021-09-25,6920722
2021-09-29,1778461
2021-10-02,3627431
2021-10-06,4050994
2021-10-09,1035751
2021-10-13,3116480
2021-10-16,2406549
2021-10-20,2870652
2021-10-23,2776219
2021-10-27,2838187
2021-10-30,2325309
2021-11-03,0844058
2021-11-06,8002487
2021-11-10,8089841
2021-11-13,1732765
2021-11-17,1591711
2021-11-20,8792789
2021-11-24,7418738
2021-11-27,3257168
2021-12-01,7959081
2021-12-04,0019081
2021-12-08,0772864
2021-12-11,4241540
2021-12-15,9125363
2021-12-18,3130811
2021-12-22,2546293
2021-12-25,5635937
2021-12-29,5281915
2022-01-01,4722193
